row_type,model,function,seed,samples,test_samples,dimension,noise,kan_width,kan_grid,kan_k,kan_steps,kan_lamb,target,variable,hidden,pair,baseline_mse,ablated_mse,delta_mse,synergy,is_true_active,is_true_interaction,formula,true_variables,true_interactions
feature_path,KAN,correlated_proxy,0,512,2048,100,0.05,8,5,3,50,0.0,x0,0,,,2.1118412017822266,2.185215950012207,0.07337474822998047,,1,,sin(2*pi*x0) + x1^2 + x2*x3 with x4~x0 and x5~x1 proxies,"[0, 1, 2, 3]","[(2, 3)]"
feature_path,KAN,correlated_proxy,0,512,2048,100,0.05,8,5,3,50,0.0,x1,1,,,2.1118412017822266,2.10280179977417,-0.00903940200805664,,1,,sin(2*pi*x0) + x1^2 + x2*x3 with x4~x0 and x5~x1 proxies,"[0, 1, 2, 3]","[(2, 3)]"
feature_path,KAN,correlated_proxy,0,512,2048,100,0.05,8,5,3,50,0.0,x2,2,,,2.1118412017822266,2.1164026260375977,0.004561424255371094,,1,,sin(2*pi*x0) + x1^2 + x2*x3 with x4~x0 and x5~x1 proxies,"[0, 1, 2, 3]","[(2, 3)]"
feature_path,KAN,correlated_proxy,0,512,2048,100,0.05,8,5,3,50,0.0,x3,3,,,2.1118412017822266,2.136479377746582,0.02463817596435547,,1,,sin(2*pi*x0) + x1^2 + x2*x3 with x4~x0 and x5~x1 proxies,"[0, 1, 2, 3]","[(2, 3)]"
feature_path,KAN,correlated_proxy,0,512,2048,100,0.05,8,5,3,50,0.0,x4,4,,,2.1118412017822266,2.1845502853393555,0.0727090835571289,,0,,sin(2*pi*x0) + x1^2 + x2*x3 with x4~x0 and x5~x1 proxies,"[0, 1, 2, 3]","[(2, 3)]"
feature_path,KAN,correlated_proxy,0,512,2048,100,0.05,8,5,3,50,0.0,x5,5,,,2.1118412017822266,2.1102776527404785,-0.0015635490417480469,,0,,sin(2*pi*x0) + x1^2 + x2*x3 with x4~x0 and x5~x1 proxies,"[0, 1, 2, 3]","[(2, 3)]"
feature_path,KAN,correlated_proxy,0,512,2048,100,0.05,8,5,3,50,0.0,x33,33,,,2.1118412017822266,2.1044092178344727,-0.007431983947753906,,0,,sin(2*pi*x0) + x1^2 + x2*x3 with x4~x0 and x5~x1 proxies,"[0, 1, 2, 3]","[(2, 3)]"
feature_path,KAN,correlated_proxy,0,512,2048,100,0.05,8,5,3,50,0.0,x73,73,,,2.1118412017822266,2.1121137142181396,0.00027251243591308594,,0,,sin(2*pi*x0) + x1^2 + x2*x3 with x4~x0 and x5~x1 proxies,"[0, 1, 2, 3]","[(2, 3)]"
feature_path,KAN,correlated_proxy,0,512,2048,100,0.05,8,5,3,50,0.0,x95,95,,,2.1118412017822266,2.152050018310547,0.04020881652832031,,0,,sin(2*pi*x0) + x1^2 + x2*x3 with x4~x0 and x5~x1 proxies,"[0, 1, 2, 3]","[(2, 3)]"
hidden_output_path,KAN,correlated_proxy,0,512,2048,100,0.05,8,5,3,50,0.0,h0->out,,0,,2.1118412017822266,2.212944507598877,0.10110330581665039,,,,sin(2*pi*x0) + x1^2 + x2*x3 with x4~x0 and x5~x1 proxies,"[0, 1, 2, 3]","[(2, 3)]"
hidden_output_path,KAN,correlated_proxy,0,512,2048,100,0.05,8,5,3,50,0.0,h1->out,,1,,2.1118412017822266,2.382659435272217,0.27081823348999023,,,,sin(2*pi*x0) + x1^2 + x2*x3 with x4~x0 and x5~x1 proxies,"[0, 1, 2, 3]","[(2, 3)]"
hidden_output_path,KAN,correlated_proxy,0,512,2048,100,0.05,8,5,3,50,0.0,h2->out,,2,,2.1118412017822266,2.1852688789367676,0.07342767715454102,,,,sin(2*pi*x0) + x1^2 + x2*x3 with x4~x0 and x5~x1 proxies,"[0, 1, 2, 3]","[(2, 3)]"
hidden_output_path,KAN,correlated_proxy,0,512,2048,100,0.05,8,5,3,50,0.0,h3->out,,3,,2.1118412017822266,1.7063729763031006,-0.405468225479126,,,,sin(2*pi*x0) + x1^2 + x2*x3 with x4~x0 and x5~x1 proxies,"[0, 1, 2, 3]","[(2, 3)]"
hidden_output_path,KAN,correlated_proxy,0,512,2048,100,0.05,8,5,3,50,0.0,h4->out,,4,,2.1118412017822266,1.9713289737701416,-0.14051222801208496,,,,sin(2*pi*x0) + x1^2 + x2*x3 with x4~x0 and x5~x1 proxies,"[0, 1, 2, 3]","[(2, 3)]"
hidden_output_path,KAN,correlated_proxy,0,512,2048,100,0.05,8,5,3,50,0.0,h5->out,,5,,2.1118412017822266,2.0855817794799805,-0.026259422302246094,,,,sin(2*pi*x0) + x1^2 + x2*x3 with x4~x0 and x5~x1 proxies,"[0, 1, 2, 3]","[(2, 3)]"
hidden_output_path,KAN,correlated_proxy,0,512,2048,100,0.05,8,5,3,50,0.0,h6->out,,6,,2.1118412017822266,1.752351999282837,-0.35948920249938965,,,,sin(2*pi*x0) + x1^2 + x2*x3 with x4~x0 and x5~x1 proxies,"[0, 1, 2, 3]","[(2, 3)]"
hidden_output_path,KAN,correlated_proxy,0,512,2048,100,0.05,8,5,3,50,0.0,h7->out,,7,,2.1118412017822266,1.9832637310028076,-0.12857747077941895,,,,sin(2*pi*x0) + x1^2 + x2*x3 with x4~x0 and x5~x1 proxies,"[0, 1, 2, 3]","[(2, 3)]"
single_edge,KAN,correlated_proxy,0,512,2048,100,0.05,8,5,3,50,0.0,x0->h0,0,0,,2.1118412017822266,2.2118372917175293,0.09999608993530273,,1,,sin(2*pi*x0) + x1^2 + x2*x3 with x4~x0 and x5~x1 proxies,"[0, 1, 2, 3]","[(2, 3)]"
single_edge,KAN,correlated_proxy,0,512,2048,100,0.05,8,5,3,50,0.0,x0->h1,0,1,,2.1118412017822266,2.1231298446655273,0.011288642883300781,,1,,sin(2*pi*x0) + x1^2 + x2*x3 with x4~x0 and x5~x1 proxies,"[0, 1, 2, 3]","[(2, 3)]"
single_edge,KAN,correlated_proxy,0,512,2048,100,0.05,8,5,3,50,0.0,x0->h2,0,2,,2.1118412017822266,2.1159420013427734,0.004100799560546875,,1,,sin(2*pi*x0) + x1^2 + x2*x3 with x4~x0 and x5~x1 proxies,"[0, 1, 2, 3]","[(2, 3)]"
single_edge,KAN,correlated_proxy,0,512,2048,100,0.05,8,5,3,50,0.0,x0->h3,0,3,,2.1118412017822266,2.111715793609619,-0.00012540817260742188,,1,,sin(2*pi*x0) + x1^2 + x2*x3 with x4~x0 and x5~x1 proxies,"[0, 1, 2, 3]","[(2, 3)]"
single_edge,KAN,correlated_proxy,0,512,2048,100,0.05,8,5,3,50,0.0,x0->h4,0,4,,2.1118412017822266,2.132711410522461,0.020870208740234375,,1,,sin(2*pi*x0) + x1^2 + x2*x3 with x4~x0 and x5~x1 proxies,"[0, 1, 2, 3]","[(2, 3)]"
single_edge,KAN,correlated_proxy,0,512,2048,100,0.05,8,5,3,50,0.0,x0->h5,0,5,,2.1118412017822266,2.140014410018921,0.028173208236694336,,1,,sin(2*pi*x0) + x1^2 + x2*x3 with x4~x0 and x5~x1 proxies,"[0, 1, 2, 3]","[(2, 3)]"
single_edge,KAN,correlated_proxy,0,512,2048,100,0.05,8,5,3,50,0.0,x0->h6,0,6,,2.1118412017822266,2.111937999725342,9.679794311523438e-05,,1,,sin(2*pi*x0) + x1^2 + x2*x3 with x4~x0 and x5~x1 proxies,"[0, 1, 2, 3]","[(2, 3)]"
single_edge,KAN,correlated_proxy,0,512,2048,100,0.05,8,5,3,50,0.0,x0->h7,0,7,,2.1118412017822266,2.1060948371887207,-0.005746364593505859,,1,,sin(2*pi*x0) + x1^2 + x2*x3 with x4~x0 and x5~x1 proxies,"[0, 1, 2, 3]","[(2, 3)]"
single_edge,KAN,correlated_proxy,0,512,2048,100,0.05,8,5,3,50,0.0,x1->h0,1,0,,2.1118412017822266,2.1148152351379395,0.0029740333557128906,,1,,sin(2*pi*x0) + x1^2 + x2*x3 with x4~x0 and x5~x1 proxies,"[0, 1, 2, 3]","[(2, 3)]"
single_edge,KAN,correlated_proxy,0,512,2048,100,0.05,8,5,3,50,0.0,x1->h1,1,1,,2.1118412017822266,2.1146769523620605,0.0028357505798339844,,1,,sin(2*pi*x0) + x1^2 + x2*x3 with x4~x0 and x5~x1 proxies,"[0, 1, 2, 3]","[(2, 3)]"
single_edge,KAN,correlated_proxy,0,512,2048,100,0.05,8,5,3,50,0.0,x1->h2,1,2,,2.1118412017822266,2.1125688552856445,0.0007276535034179688,,1,,sin(2*pi*x0) + x1^2 + x2*x3 with x4~x0 and x5~x1 proxies,"[0, 1, 2, 3]","[(2, 3)]"
single_edge,KAN,correlated_proxy,0,512,2048,100,0.05,8,5,3,50,0.0,x1->h3,1,3,,2.1118412017822266,2.1150803565979004,0.003239154815673828,,1,,sin(2*pi*x0) + x1^2 + x2*x3 with x4~x0 and x5~x1 proxies,"[0, 1, 2, 3]","[(2, 3)]"
single_edge,KAN,correlated_proxy,0,512,2048,100,0.05,8,5,3,50,0.0,x1->h4,1,4,,2.1118412017822266,2.120058536529541,0.008217334747314453,,1,,sin(2*pi*x0) + x1^2 + x2*x3 with x4~x0 and x5~x1 proxies,"[0, 1, 2, 3]","[(2, 3)]"
single_edge,KAN,correlated_proxy,0,512,2048,100,0.05,8,5,3,50,0.0,x1->h5,1,5,,2.1118412017822266,2.111563205718994,-0.0002779960632324219,,1,,sin(2*pi*x0) + x1^2 + x2*x3 with x4~x0 and x5~x1 proxies,"[0, 1, 2, 3]","[(2, 3)]"
single_edge,KAN,correlated_proxy,0,512,2048,100,0.05,8,5,3,50,0.0,x1->h6,1,6,,2.1118412017822266,2.089674949645996,-0.02216625213623047,,1,,sin(2*pi*x0) + x1^2 + x2*x3 with x4~x0 and x5~x1 proxies,"[0, 1, 2, 3]","[(2, 3)]"
single_edge,KAN,correlated_proxy,0,512,2048,100,0.05,8,5,3,50,0.0,x1->h7,1,7,,2.1118412017822266,2.1125950813293457,0.0007538795471191406,,1,,sin(2*pi*x0) + x1^2 + x2*x3 with x4~x0 and x5~x1 proxies,"[0, 1, 2, 3]","[(2, 3)]"
single_edge,KAN,correlated_proxy,0,512,2048,100,0.05,8,5,3,50,0.0,x2->h0,2,0,,2.1118412017822266,2.1121110916137695,0.00026988983154296875,,1,,sin(2*pi*x0) + x1^2 + x2*x3 with x4~x0 and x5~x1 proxies,"[0, 1, 2, 3]","[(2, 3)]"
single_edge,KAN,correlated_proxy,0,512,2048,100,0.05,8,5,3,50,0.0,x2->h1,2,1,,2.1118412017822266,2.1125123500823975,0.0006711483001708984,,1,,sin(2*pi*x0) + x1^2 + x2*x3 with x4~x0 and x5~x1 proxies,"[0, 1, 2, 3]","[(2, 3)]"
single_edge,KAN,correlated_proxy,0,512,2048,100,0.05,8,5,3,50,0.0,x2->h2,2,2,,2.1118412017822266,2.111696243286133,-0.00014495849609375,,1,,sin(2*pi*x0) + x1^2 + x2*x3 with x4~x0 and x5~x1 proxies,"[0, 1, 2, 3]","[(2, 3)]"
single_edge,KAN,correlated_proxy,0,512,2048,100,0.05,8,5,3,50,0.0,x2->h3,2,3,,2.1118412017822266,2.1079983711242676,-0.0038428306579589844,,1,,sin(2*pi*x0) + x1^2 + x2*x3 with x4~x0 and x5~x1 proxies,"[0, 1, 2, 3]","[(2, 3)]"
single_edge,KAN,correlated_proxy,0,512,2048,100,0.05,8,5,3,50,0.0,x2->h4,2,4,,2.1118412017822266,2.1118481159210205,6.9141387939453125e-06,,1,,sin(2*pi*x0) + x1^2 + x2*x3 with x4~x0 and x5~x1 proxies,"[0, 1, 2, 3]","[(2, 3)]"
single_edge,KAN,correlated_proxy,0,512,2048,100,0.05,8,5,3,50,0.0,x2->h5,2,5,,2.1118412017822266,2.1119272708892822,8.606910705566406e-05,,1,,sin(2*pi*x0) + x1^2 + x2*x3 with x4~x0 and x5~x1 proxies,"[0, 1, 2, 3]","[(2, 3)]"
single_edge,KAN,correlated_proxy,0,512,2048,100,0.05,8,5,3,50,0.0,x2->h6,2,6,,2.1118412017822266,2.1152002811431885,0.003359079360961914,,1,,sin(2*pi*x0) + x1^2 + x2*x3 with x4~x0 and x5~x1 proxies,"[0, 1, 2, 3]","[(2, 3)]"
single_edge,KAN,correlated_proxy,0,512,2048,100,0.05,8,5,3,50,0.0,x2->h7,2,7,,2.1118412017822266,2.1167070865631104,0.004865884780883789,,1,,sin(2*pi*x0) + x1^2 + x2*x3 with x4~x0 and x5~x1 proxies,"[0, 1, 2, 3]","[(2, 3)]"
single_edge,KAN,correlated_proxy,0,512,2048,100,0.05,8,5,3,50,0.0,x3->h0,3,0,,2.1118412017822266,2.1124610900878906,0.0006198883056640625,,1,,sin(2*pi*x0) + x1^2 + x2*x3 with x4~x0 and x5~x1 proxies,"[0, 1, 2, 3]","[(2, 3)]"
single_edge,KAN,correlated_proxy,0,512,2048,100,0.05,8,5,3,50,0.0,x3->h1,3,1,,2.1118412017822266,2.108370780944824,-0.0034704208374023438,,1,,sin(2*pi*x0) + x1^2 + x2*x3 with x4~x0 and x5~x1 proxies,"[0, 1, 2, 3]","[(2, 3)]"
single_edge,KAN,correlated_proxy,0,512,2048,100,0.05,8,5,3,50,0.0,x3->h2,3,2,,2.1118412017822266,2.1118216514587402,-1.9550323486328125e-05,,1,,sin(2*pi*x0) + x1^2 + x2*x3 with x4~x0 and x5~x1 proxies,"[0, 1, 2, 3]","[(2, 3)]"
single_edge,KAN,correlated_proxy,0,512,2048,100,0.05,8,5,3,50,0.0,x3->h3,3,3,,2.1118412017822266,2.1221561431884766,0.01031494140625,,1,,sin(2*pi*x0) + x1^2 + x2*x3 with x4~x0 and x5~x1 proxies,"[0, 1, 2, 3]","[(2, 3)]"
single_edge,KAN,correlated_proxy,0,512,2048,100,0.05,8,5,3,50,0.0,x3->h4,3,4,,2.1118412017822266,2.109160900115967,-0.0026803016662597656,,1,,sin(2*pi*x0) + x1^2 + x2*x3 with x4~x0 and x5~x1 proxies,"[0, 1, 2, 3]","[(2, 3)]"
single_edge,KAN,correlated_proxy,0,512,2048,100,0.05,8,5,3,50,0.0,x3->h5,3,5,,2.1118412017822266,2.1124305725097656,0.0005893707275390625,,1,,sin(2*pi*x0) + x1^2 + x2*x3 with x4~x0 and x5~x1 proxies,"[0, 1, 2, 3]","[(2, 3)]"
single_edge,KAN,correlated_proxy,0,512,2048,100,0.05,8,5,3,50,0.0,x3->h6,3,6,,2.1118412017822266,2.1258373260498047,0.013996124267578125,,1,,sin(2*pi*x0) + x1^2 + x2*x3 with x4~x0 and x5~x1 proxies,"[0, 1, 2, 3]","[(2, 3)]"
single_edge,KAN,correlated_proxy,0,512,2048,100,0.05,8,5,3,50,0.0,x3->h7,3,7,,2.1118412017822266,2.116680383682251,0.004839181900024414,,1,,sin(2*pi*x0) + x1^2 + x2*x3 with x4~x0 and x5~x1 proxies,"[0, 1, 2, 3]","[(2, 3)]"
single_edge,KAN,correlated_proxy,0,512,2048,100,0.05,8,5,3,50,0.0,x4->h0,4,0,,2.1118412017822266,2.2233664989471436,0.11152529716491699,,0,,sin(2*pi*x0) + x1^2 + x2*x3 with x4~x0 and x5~x1 proxies,"[0, 1, 2, 3]","[(2, 3)]"
single_edge,KAN,correlated_proxy,0,512,2048,100,0.05,8,5,3,50,0.0,x4->h1,4,1,,2.1118412017822266,2.121220111846924,0.009378910064697266,,0,,sin(2*pi*x0) + x1^2 + x2*x3 with x4~x0 and x5~x1 proxies,"[0, 1, 2, 3]","[(2, 3)]"
single_edge,KAN,correlated_proxy,0,512,2048,100,0.05,8,5,3,50,0.0,x4->h2,4,2,,2.1118412017822266,2.1135575771331787,0.0017163753509521484,,0,,sin(2*pi*x0) + x1^2 + x2*x3 with x4~x0 and x5~x1 proxies,"[0, 1, 2, 3]","[(2, 3)]"
single_edge,KAN,correlated_proxy,0,512,2048,100,0.05,8,5,3,50,0.0,x4->h3,4,3,,2.1118412017822266,2.10831356048584,-0.0035276412963867188,,0,,sin(2*pi*x0) + x1^2 + x2*x3 with x4~x0 and x5~x1 proxies,"[0, 1, 2, 3]","[(2, 3)]"
single_edge,KAN,correlated_proxy,0,512,2048,100,0.05,8,5,3,50,0.0,x4->h4,4,4,,2.1118412017822266,2.1317782402038574,0.01993703842163086,,0,,sin(2*pi*x0) + x1^2 + x2*x3 with x4~x0 and x5~x1 proxies,"[0, 1, 2, 3]","[(2, 3)]"
single_edge,KAN,correlated_proxy,0,512,2048,100,0.05,8,5,3,50,0.0,x4->h5,4,5,,2.1118412017822266,2.1219451427459717,0.010103940963745117,,0,,sin(2*pi*x0) + x1^2 + x2*x3 with x4~x0 and x5~x1 proxies,"[0, 1, 2, 3]","[(2, 3)]"
single_edge,KAN,correlated_proxy,0,512,2048,100,0.05,8,5,3,50,0.0,x4->h6,4,6,,2.1118412017822266,2.1114859580993652,-0.0003552436828613281,,0,,sin(2*pi*x0) + x1^2 + x2*x3 with x4~x0 and x5~x1 proxies,"[0, 1, 2, 3]","[(2, 3)]"
single_edge,KAN,correlated_proxy,0,512,2048,100,0.05,8,5,3,50,0.0,x4->h7,4,7,,2.1118412017822266,2.1133694648742676,0.0015282630920410156,,0,,sin(2*pi*x0) + x1^2 + x2*x3 with x4~x0 and x5~x1 proxies,"[0, 1, 2, 3]","[(2, 3)]"
single_edge,KAN,correlated_proxy,0,512,2048,100,0.05,8,5,3,50,0.0,x5->h0,5,0,,2.1118412017822266,2.125375986099243,0.013534784317016602,,0,,sin(2*pi*x0) + x1^2 + x2*x3 with x4~x0 and x5~x1 proxies,"[0, 1, 2, 3]","[(2, 3)]"
single_edge,KAN,correlated_proxy,0,512,2048,100,0.05,8,5,3,50,0.0,x5->h1,5,1,,2.1118412017822266,2.114565372467041,0.002724170684814453,,0,,sin(2*pi*x0) + x1^2 + x2*x3 with x4~x0 and x5~x1 proxies,"[0, 1, 2, 3]","[(2, 3)]"
single_edge,KAN,correlated_proxy,0,512,2048,100,0.05,8,5,3,50,0.0,x5->h2,5,2,,2.1118412017822266,2.1127519607543945,0.0009107589721679688,,0,,sin(2*pi*x0) + x1^2 + x2*x3 with x4~x0 and x5~x1 proxies,"[0, 1, 2, 3]","[(2, 3)]"
single_edge,KAN,correlated_proxy,0,512,2048,100,0.05,8,5,3,50,0.0,x5->h3,5,3,,2.1118412017822266,2.1117124557495117,-0.00012874603271484375,,0,,sin(2*pi*x0) + x1^2 + x2*x3 with x4~x0 and x5~x1 proxies,"[0, 1, 2, 3]","[(2, 3)]"
single_edge,KAN,correlated_proxy,0,512,2048,100,0.05,8,5,3,50,0.0,x5->h4,5,4,,2.1118412017822266,2.1163394451141357,0.00449824333190918,,0,,sin(2*pi*x0) + x1^2 + x2*x3 with x4~x0 and x5~x1 proxies,"[0, 1, 2, 3]","[(2, 3)]"
single_edge,KAN,correlated_proxy,0,512,2048,100,0.05,8,5,3,50,0.0,x5->h5,5,5,,2.1118412017822266,2.1117048263549805,-0.00013637542724609375,,0,,sin(2*pi*x0) + x1^2 + x2*x3 with x4~x0 and x5~x1 proxies,"[0, 1, 2, 3]","[(2, 3)]"
single_edge,KAN,correlated_proxy,0,512,2048,100,0.05,8,5,3,50,0.0,x5->h6,5,6,,2.1118412017822266,2.0962753295898438,-0.015565872192382812,,0,,sin(2*pi*x0) + x1^2 + x2*x3 with x4~x0 and x5~x1 proxies,"[0, 1, 2, 3]","[(2, 3)]"
single_edge,KAN,correlated_proxy,0,512,2048,100,0.05,8,5,3,50,0.0,x5->h7,5,7,,2.1118412017822266,2.1104753017425537,-0.0013659000396728516,,0,,sin(2*pi*x0) + x1^2 + x2*x3 with x4~x0 and x5~x1 proxies,"[0, 1, 2, 3]","[(2, 3)]"
single_edge,KAN,correlated_proxy,0,512,2048,100,0.05,8,5,3,50,0.0,x33->h0,33,0,,2.1118412017822266,2.109886646270752,-0.0019545555114746094,,0,,sin(2*pi*x0) + x1^2 + x2*x3 with x4~x0 and x5~x1 proxies,"[0, 1, 2, 3]","[(2, 3)]"
single_edge,KAN,correlated_proxy,0,512,2048,100,0.05,8,5,3,50,0.0,x33->h1,33,1,,2.1118412017822266,2.118914842605591,0.007073640823364258,,0,,sin(2*pi*x0) + x1^2 + x2*x3 with x4~x0 and x5~x1 proxies,"[0, 1, 2, 3]","[(2, 3)]"
single_edge,KAN,correlated_proxy,0,512,2048,100,0.05,8,5,3,50,0.0,x33->h2,33,2,,2.1118412017822266,2.1158199310302734,0.003978729248046875,,0,,sin(2*pi*x0) + x1^2 + x2*x3 with x4~x0 and x5~x1 proxies,"[0, 1, 2, 3]","[(2, 3)]"
single_edge,KAN,correlated_proxy,0,512,2048,100,0.05,8,5,3,50,0.0,x33->h3,33,3,,2.1118412017822266,2.1185221672058105,0.006680965423583984,,0,,sin(2*pi*x0) + x1^2 + x2*x3 with x4~x0 and x5~x1 proxies,"[0, 1, 2, 3]","[(2, 3)]"
single_edge,KAN,correlated_proxy,0,512,2048,100,0.05,8,5,3,50,0.0,x33->h4,33,4,,2.1118412017822266,2.099118232727051,-0.012722969055175781,,0,,sin(2*pi*x0) + x1^2 + x2*x3 with x4~x0 and x5~x1 proxies,"[0, 1, 2, 3]","[(2, 3)]"
single_edge,KAN,correlated_proxy,0,512,2048,100,0.05,8,5,3,50,0.0,x33->h5,33,5,,2.1118412017822266,2.11033296585083,-0.0015082359313964844,,0,,sin(2*pi*x0) + x1^2 + x2*x3 with x4~x0 and x5~x1 proxies,"[0, 1, 2, 3]","[(2, 3)]"
single_edge,KAN,correlated_proxy,0,512,2048,100,0.05,8,5,3,50,0.0,x33->h6,33,6,,2.1118412017822266,2.1204960346221924,0.00865483283996582,,0,,sin(2*pi*x0) + x1^2 + x2*x3 with x4~x0 and x5~x1 proxies,"[0, 1, 2, 3]","[(2, 3)]"
single_edge,KAN,correlated_proxy,0,512,2048,100,0.05,8,5,3,50,0.0,x33->h7,33,7,,2.1118412017822266,2.1029436588287354,-0.008897542953491211,,0,,sin(2*pi*x0) + x1^2 + x2*x3 with x4~x0 and x5~x1 proxies,"[0, 1, 2, 3]","[(2, 3)]"
single_edge,KAN,correlated_proxy,0,512,2048,100,0.05,8,5,3,50,0.0,x73->h0,73,0,,2.1118412017822266,2.097794532775879,-0.014046669006347656,,0,,sin(2*pi*x0) + x1^2 + x2*x3 with x4~x0 and x5~x1 proxies,"[0, 1, 2, 3]","[(2, 3)]"
single_edge,KAN,correlated_proxy,0,512,2048,100,0.05,8,5,3,50,0.0,x73->h1,73,1,,2.1118412017822266,2.123927593231201,0.01208639144897461,,0,,sin(2*pi*x0) + x1^2 + x2*x3 with x4~x0 and x5~x1 proxies,"[0, 1, 2, 3]","[(2, 3)]"
single_edge,KAN,correlated_proxy,0,512,2048,100,0.05,8,5,3,50,0.0,x73->h2,73,2,,2.1118412017822266,2.111856460571289,1.52587890625e-05,,0,,sin(2*pi*x0) + x1^2 + x2*x3 with x4~x0 and x5~x1 proxies,"[0, 1, 2, 3]","[(2, 3)]"
single_edge,KAN,correlated_proxy,0,512,2048,100,0.05,8,5,3,50,0.0,x73->h3,73,3,,2.1118412017822266,2.113145589828491,0.0013043880462646484,,0,,sin(2*pi*x0) + x1^2 + x2*x3 with x4~x0 and x5~x1 proxies,"[0, 1, 2, 3]","[(2, 3)]"
single_edge,KAN,correlated_proxy,0,512,2048,100,0.05,8,5,3,50,0.0,x73->h4,73,4,,2.1118412017822266,2.123547077178955,0.011705875396728516,,0,,sin(2*pi*x0) + x1^2 + x2*x3 with x4~x0 and x5~x1 proxies,"[0, 1, 2, 3]","[(2, 3)]"
single_edge,KAN,correlated_proxy,0,512,2048,100,0.05,8,5,3,50,0.0,x73->h5,73,5,,2.1118412017822266,2.1126890182495117,0.0008478164672851562,,0,,sin(2*pi*x0) + x1^2 + x2*x3 with x4~x0 and x5~x1 proxies,"[0, 1, 2, 3]","[(2, 3)]"
single_edge,KAN,correlated_proxy,0,512,2048,100,0.05,8,5,3,50,0.0,x73->h6,73,6,,2.1118412017822266,2.1072397232055664,-0.004601478576660156,,0,,sin(2*pi*x0) + x1^2 + x2*x3 with x4~x0 and x5~x1 proxies,"[0, 1, 2, 3]","[(2, 3)]"
single_edge,KAN,correlated_proxy,0,512,2048,100,0.05,8,5,3,50,0.0,x73->h7,73,7,,2.1118412017822266,2.1160497665405273,0.004208564758300781,,0,,sin(2*pi*x0) + x1^2 + x2*x3 with x4~x0 and x5~x1 proxies,"[0, 1, 2, 3]","[(2, 3)]"
single_edge,KAN,correlated_proxy,0,512,2048,100,0.05,8,5,3,50,0.0,x95->h0,95,0,,2.1118412017822266,2.1126906871795654,0.0008494853973388672,,0,,sin(2*pi*x0) + x1^2 + x2*x3 with x4~x0 and x5~x1 proxies,"[0, 1, 2, 3]","[(2, 3)]"
single_edge,KAN,correlated_proxy,0,512,2048,100,0.05,8,5,3,50,0.0,x95->h1,95,1,,2.1118412017822266,2.111438512802124,-0.00040268898010253906,,0,,sin(2*pi*x0) + x1^2 + x2*x3 with x4~x0 and x5~x1 proxies,"[0, 1, 2, 3]","[(2, 3)]"
single_edge,KAN,correlated_proxy,0,512,2048,100,0.05,8,5,3,50,0.0,x95->h2,95,2,,2.1118412017822266,2.1118078231811523,-3.337860107421875e-05,,0,,sin(2*pi*x0) + x1^2 + x2*x3 with x4~x0 and x5~x1 proxies,"[0, 1, 2, 3]","[(2, 3)]"
single_edge,KAN,correlated_proxy,0,512,2048,100,0.05,8,5,3,50,0.0,x95->h3,95,3,,2.1118412017822266,2.1124234199523926,0.0005822181701660156,,0,,sin(2*pi*x0) + x1^2 + x2*x3 with x4~x0 and x5~x1 proxies,"[0, 1, 2, 3]","[(2, 3)]"
single_edge,KAN,correlated_proxy,0,512,2048,100,0.05,8,5,3,50,0.0,x95->h4,95,4,,2.1118412017822266,2.1208720207214355,0.009030818939208984,,0,,sin(2*pi*x0) + x1^2 + x2*x3 with x4~x0 and x5~x1 proxies,"[0, 1, 2, 3]","[(2, 3)]"
single_edge,KAN,correlated_proxy,0,512,2048,100,0.05,8,5,3,50,0.0,x95->h5,95,5,,2.1118412017822266,2.113053321838379,0.0012121200561523438,,0,,sin(2*pi*x0) + x1^2 + x2*x3 with x4~x0 and x5~x1 proxies,"[0, 1, 2, 3]","[(2, 3)]"
single_edge,KAN,correlated_proxy,0,512,2048,100,0.05,8,5,3,50,0.0,x95->h6,95,6,,2.1118412017822266,2.135829448699951,0.02398824691772461,,0,,sin(2*pi*x0) + x1^2 + x2*x3 with x4~x0 and x5~x1 proxies,"[0, 1, 2, 3]","[(2, 3)]"
single_edge,KAN,correlated_proxy,0,512,2048,100,0.05,8,5,3,50,0.0,x95->h7,95,7,,2.1118412017822266,2.1165647506713867,0.004723548889160156,,0,,sin(2*pi*x0) + x1^2 + x2*x3 with x4~x0 and x5~x1 proxies,"[0, 1, 2, 3]","[(2, 3)]"
feature_pair_path,KAN,correlated_proxy,0,512,2048,100,0.05,8,5,3,50,0.0,"x2,x3",,,"(2, 3)",2.1118412017822266,2.1415233612060547,0.029682159423828125,0.0004825592041015625,,1,sin(2*pi*x0) + x1^2 + x2*x3 with x4~x0 and x5~x1 proxies,"[0, 1, 2, 3]","[(2, 3)]"
shared_hidden_pair_edges,KAN,correlated_proxy,0,512,2048,100,0.05,8,5,3,50,0.0,"x2,x3->h0",,0,"(2, 3)",2.1118412017822266,2.1126577854156494,0.0008165836334228516,-7.319450378417969e-05,,1,sin(2*pi*x0) + x1^2 + x2*x3 with x4~x0 and x5~x1 proxies,"[0, 1, 2, 3]","[(2, 3)]"
shared_hidden_pair_edges,KAN,correlated_proxy,0,512,2048,100,0.05,8,5,3,50,0.0,"x2,x3->h1",,1,"(2, 3)",2.1118412017822266,2.1092214584350586,-0.0026197433471679688,0.00017952919006347656,,1,sin(2*pi*x0) + x1^2 + x2*x3 with x4~x0 and x5~x1 proxies,"[0, 1, 2, 3]","[(2, 3)]"
shared_hidden_pair_edges,KAN,correlated_proxy,0,512,2048,100,0.05,8,5,3,50,0.0,"x2,x3->h2",,2,"(2, 3)",2.1118412017822266,2.11167049407959,-0.00017070770263671875,-6.198883056640625e-06,,1,sin(2*pi*x0) + x1^2 + x2*x3 with x4~x0 and x5~x1 proxies,"[0, 1, 2, 3]","[(2, 3)]"
shared_hidden_pair_edges,KAN,correlated_proxy,0,512,2048,100,0.05,8,5,3,50,0.0,"x2,x3->h3",,3,"(2, 3)",2.1118412017822266,2.1174874305725098,0.005646228790283203,-0.0008258819580078125,,1,sin(2*pi*x0) + x1^2 + x2*x3 with x4~x0 and x5~x1 proxies,"[0, 1, 2, 3]","[(2, 3)]"
shared_hidden_pair_edges,KAN,correlated_proxy,0,512,2048,100,0.05,8,5,3,50,0.0,"x2,x3->h4",,4,"(2, 3)",2.1118412017822266,2.1090989112854004,-0.002742290496826172,-6.890296936035156e-05,,1,sin(2*pi*x0) + x1^2 + x2*x3 with x4~x0 and x5~x1 proxies,"[0, 1, 2, 3]","[(2, 3)]"
shared_hidden_pair_edges,KAN,correlated_proxy,0,512,2048,100,0.05,8,5,3,50,0.0,"x2,x3->h5",,5,"(2, 3)",2.1118412017822266,2.1125454902648926,0.0007042884826660156,2.8848648071289062e-05,,1,sin(2*pi*x0) + x1^2 + x2*x3 with x4~x0 and x5~x1 proxies,"[0, 1, 2, 3]","[(2, 3)]"
shared_hidden_pair_edges,KAN,correlated_proxy,0,512,2048,100,0.05,8,5,3,50,0.0,"x2,x3->h6",,6,"(2, 3)",2.1118412017822266,2.12874174118042,0.01690053939819336,-0.0004546642303466797,,1,sin(2*pi*x0) + x1^2 + x2*x3 with x4~x0 and x5~x1 proxies,"[0, 1, 2, 3]","[(2, 3)]"
shared_hidden_pair_edges,KAN,correlated_proxy,0,512,2048,100,0.05,8,5,3,50,0.0,"x2,x3->h7",,7,"(2, 3)",2.1118412017822266,2.123138427734375,0.011297225952148438,0.0015921592712402344,,1,sin(2*pi*x0) + x1^2 + x2*x3 with x4~x0 and x5~x1 proxies,"[0, 1, 2, 3]","[(2, 3)]"
feature_pair_path,KAN,correlated_proxy,0,512,2048,100,0.05,8,5,3,50,0.0,"x0,x4",,,"(0, 4)",2.1118412017822266,2.2793478965759277,0.16750669479370117,0.021422863006591797,,0,sin(2*pi*x0) + x1^2 + x2*x3 with x4~x0 and x5~x1 proxies,"[0, 1, 2, 3]","[(2, 3)]"
shared_hidden_pair_edges,KAN,correlated_proxy,0,512,2048,100,0.05,8,5,3,50,0.0,"x0,x4->h0",,0,"(0, 4)",2.1118412017822266,2.344367027282715,0.23252582550048828,0.021004438400268555,,0,sin(2*pi*x0) + x1^2 + x2*x3 with x4~x0 and x5~x1 proxies,"[0, 1, 2, 3]","[(2, 3)]"
shared_hidden_pair_edges,KAN,correlated_proxy,0,512,2048,100,0.05,8,5,3,50,0.0,"x0,x4->h1",,1,"(0, 4)",2.1118412017822266,2.1894235610961914,0.07758235931396484,0.0569148063659668,,0,sin(2*pi*x0) + x1^2 + x2*x3 with x4~x0 and x5~x1 proxies,"[0, 1, 2, 3]","[(2, 3)]"
shared_hidden_pair_edges,KAN,correlated_proxy,0,512,2048,100,0.05,8,5,3,50,0.0,"x0,x4->h2",,2,"(0, 4)",2.1118412017822266,2.115943431854248,0.004102230072021484,-0.001714944839477539,,0,sin(2*pi*x0) + x1^2 + x2*x3 with x4~x0 and x5~x1 proxies,"[0, 1, 2, 3]","[(2, 3)]"
shared_hidden_pair_edges,KAN,correlated_proxy,0,512,2048,100,0.05,8,5,3,50,0.0,"x0,x4->h3",,3,"(0, 4)",2.1118412017822266,2.1130049228668213,0.0011637210845947266,0.004816770553588867,,0,sin(2*pi*x0) + x1^2 + x2*x3 with x4~x0 and x5~x1 proxies,"[0, 1, 2, 3]","[(2, 3)]"
shared_hidden_pair_edges,KAN,correlated_proxy,0,512,2048,100,0.05,8,5,3,50,0.0,"x0,x4->h4",,4,"(0, 4)",2.1118412017822266,2.1404287815093994,0.02858757972717285,-0.012219667434692383,,0,sin(2*pi*x0) + x1^2 + x2*x3 with x4~x0 and x5~x1 proxies,"[0, 1, 2, 3]","[(2, 3)]"
shared_hidden_pair_edges,KAN,correlated_proxy,0,512,2048,100,0.05,8,5,3,50,0.0,"x0,x4->h5",,5,"(0, 4)",2.1118412017822266,2.200456142425537,0.08861494064331055,0.050337791442871094,,0,sin(2*pi*x0) + x1^2 + x2*x3 with x4~x0 and x5~x1 proxies,"[0, 1, 2, 3]","[(2, 3)]"
shared_hidden_pair_edges,KAN,correlated_proxy,0,512,2048,100,0.05,8,5,3,50,0.0,"x0,x4->h6",,6,"(0, 4)",2.1118412017822266,2.111316680908203,-0.0005245208740234375,-0.00026607513427734375,,0,sin(2*pi*x0) + x1^2 + x2*x3 with x4~x0 and x5~x1 proxies,"[0, 1, 2, 3]","[(2, 3)]"
shared_hidden_pair_edges,KAN,correlated_proxy,0,512,2048,100,0.05,8,5,3,50,0.0,"x0,x4->h7",,7,"(0, 4)",2.1118412017822266,2.1083099842071533,-0.003531217575073242,0.0006868839263916016,,0,sin(2*pi*x0) + x1^2 + x2*x3 with x4~x0 and x5~x1 proxies,"[0, 1, 2, 3]","[(2, 3)]"
feature_pair_path,KAN,correlated_proxy,0,512,2048,100,0.05,8,5,3,50,0.0,"x1,x5",,,"(1, 5)",2.1118412017822266,2.1056699752807617,-0.006171226501464844,0.004431724548339844,,0,sin(2*pi*x0) + x1^2 + x2*x3 with x4~x0 and x5~x1 proxies,"[0, 1, 2, 3]","[(2, 3)]"
shared_hidden_pair_edges,KAN,correlated_proxy,0,512,2048,100,0.05,8,5,3,50,0.0,"x1,x5->h0",,0,"(1, 5)",2.1118412017822266,2.133387565612793,0.021546363830566406,0.005037546157836914,,0,sin(2*pi*x0) + x1^2 + x2*x3 with x4~x0 and x5~x1 proxies,"[0, 1, 2, 3]","[(2, 3)]"
shared_hidden_pair_edges,KAN,correlated_proxy,0,512,2048,100,0.05,8,5,3,50,0.0,"x1,x5->h1",,1,"(1, 5)",2.1118412017822266,2.121570110321045,0.00972890853881836,0.004168987274169922,,0,sin(2*pi*x0) + x1^2 + x2*x3 with x4~x0 and x5~x1 proxies,"[0, 1, 2, 3]","[(2, 3)]"
shared_hidden_pair_edges,KAN,correlated_proxy,0,512,2048,100,0.05,8,5,3,50,0.0,"x1,x5->h2",,2,"(1, 5)",2.1118412017822266,2.1144466400146484,0.002605438232421875,0.0009670257568359375,,0,sin(2*pi*x0) + x1^2 + x2*x3 with x4~x0 and x5~x1 proxies,"[0, 1, 2, 3]","[(2, 3)]"
shared_hidden_pair_edges,KAN,correlated_proxy,0,512,2048,100,0.05,8,5,3,50,0.0,"x1,x5->h3",,3,"(1, 5)",2.1118412017822266,2.1153531074523926,0.0035119056701660156,0.00040149688720703125,,0,sin(2*pi*x0) + x1^2 + x2*x3 with x4~x0 and x5~x1 proxies,"[0, 1, 2, 3]","[(2, 3)]"
shared_hidden_pair_edges,KAN,correlated_proxy,0,512,2048,100,0.05,8,5,3,50,0.0,"x1,x5->h4",,4,"(1, 5)",2.1118412017822266,2.123562812805176,0.011721611022949219,-0.000993967056274414,,0,sin(2*pi*x0) + x1^2 + x2*x3 with x4~x0 and x5~x1 proxies,"[0, 1, 2, 3]","[(2, 3)]"
shared_hidden_pair_edges,KAN,correlated_proxy,0,512,2048,100,0.05,8,5,3,50,0.0,"x1,x5->h5",,5,"(1, 5)",2.1118412017822266,2.1162028312683105,0.004361629486083984,0.0047760009765625,,0,sin(2*pi*x0) + x1^2 + x2*x3 with x4~x0 and x5~x1 proxies,"[0, 1, 2, 3]","[(2, 3)]"
shared_hidden_pair_edges,KAN,correlated_proxy,0,512,2048,100,0.05,8,5,3,50,0.0,"x1,x5->h6",,6,"(1, 5)",2.1118412017822266,2.075652599334717,-0.036188602447509766,0.0015435218811035156,,0,sin(2*pi*x0) + x1^2 + x2*x3 with x4~x0 and x5~x1 proxies,"[0, 1, 2, 3]","[(2, 3)]"
shared_hidden_pair_edges,KAN,correlated_proxy,0,512,2048,100,0.05,8,5,3,50,0.0,"x1,x5->h7",,7,"(1, 5)",2.1118412017822266,2.1113879680633545,-0.0004532337188720703,0.00015878677368164062,,0,sin(2*pi*x0) + x1^2 + x2*x3 with x4~x0 and x5~x1 proxies,"[0, 1, 2, 3]","[(2, 3)]"
feature_pair_path,KAN,correlated_proxy,0,512,2048,100,0.05,8,5,3,50,0.0,"x0,x1",,,"(0, 1)",2.1118412017822266,2.1750574111938477,0.0632162094116211,-0.0011191368103027344,,0,sin(2*pi*x0) + x1^2 + x2*x3 with x4~x0 and x5~x1 proxies,"[0, 1, 2, 3]","[(2, 3)]"
shared_hidden_pair_edges,KAN,correlated_proxy,0,512,2048,100,0.05,8,5,3,50,0.0,"x0,x1->h0",,0,"(0, 1)",2.1118412017822266,2.214585304260254,0.10274410247802734,-0.00022602081298828125,,0,sin(2*pi*x0) + x1^2 + x2*x3 with x4~x0 and x5~x1 proxies,"[0, 1, 2, 3]","[(2, 3)]"
shared_hidden_pair_edges,KAN,correlated_proxy,0,512,2048,100,0.05,8,5,3,50,0.0,"x0,x1->h1",,1,"(0, 1)",2.1118412017822266,2.1242971420288086,0.012455940246582031,-0.0016684532165527344,,0,sin(2*pi*x0) + x1^2 + x2*x3 with x4~x0 and x5~x1 proxies,"[0, 1, 2, 3]","[(2, 3)]"
shared_hidden_pair_edges,KAN,correlated_proxy,0,512,2048,100,0.05,8,5,3,50,0.0,"x0,x1->h2",,2,"(0, 1)",2.1118412017822266,2.1163806915283203,0.00453948974609375,-0.00028896331787109375,,0,sin(2*pi*x0) + x1^2 + x2*x3 with x4~x0 and x5~x1 proxies,"[0, 1, 2, 3]","[(2, 3)]"
shared_hidden_pair_edges,KAN,correlated_proxy,0,512,2048,100,0.05,8,5,3,50,0.0,"x0,x1->h3",,3,"(0, 1)",2.1118412017822266,2.1110711097717285,-0.0007700920104980469,-0.003883838653564453,,0,sin(2*pi*x0) + x1^2 + x2*x3 with x4~x0 and x5~x1 proxies,"[0, 1, 2, 3]","[(2, 3)]"
shared_hidden_pair_edges,KAN,correlated_proxy,0,512,2048,100,0.05,8,5,3,50,0.0,"x0,x1->h4",,4,"(0, 1)",2.1118412017822266,2.1378509998321533,0.026009798049926758,-0.0030777454376220703,,0,sin(2*pi*x0) + x1^2 + x2*x3 with x4~x0 and x5~x1 proxies,"[0, 1, 2, 3]","[(2, 3)]"
shared_hidden_pair_edges,KAN,correlated_proxy,0,512,2048,100,0.05,8,5,3,50,0.0,"x0,x1->h5",,5,"(0, 1)",2.1118412017822266,2.144538640975952,0.032697439193725586,0.004802227020263672,,0,sin(2*pi*x0) + x1^2 + x2*x3 with x4~x0 and x5~x1 proxies,"[0, 1, 2, 3]","[(2, 3)]"
shared_hidden_pair_edges,KAN,correlated_proxy,0,512,2048,100,0.05,8,5,3,50,0.0,"x0,x1->h6",,6,"(0, 1)",2.1118412017822266,2.088390827178955,-0.023450374603271484,-0.00138092041015625,,0,sin(2*pi*x0) + x1^2 + x2*x3 with x4~x0 and x5~x1 proxies,"[0, 1, 2, 3]","[(2, 3)]"
shared_hidden_pair_edges,KAN,correlated_proxy,0,512,2048,100,0.05,8,5,3,50,0.0,"x0,x1->h7",,7,"(0, 1)",2.1118412017822266,2.107358932495117,-0.004482269287109375,0.0005102157592773438,,0,sin(2*pi*x0) + x1^2 + x2*x3 with x4~x0 and x5~x1 proxies,"[0, 1, 2, 3]","[(2, 3)]"
feature_path,KAN,correlated_proxy,1,512,2048,100,0.05,8,5,3,50,0.0,x0,0,,,1.7966303825378418,1.9101980924606323,0.11356770992279053,,1,,sin(2*pi*x0) + x1^2 + x2*x3 with x4~x0 and x5~x1 proxies,"[0, 1, 2, 3]","[(2, 3)]"
feature_path,KAN,correlated_proxy,1,512,2048,100,0.05,8,5,3,50,0.0,x1,1,,,1.7966303825378418,1.764748215675354,-0.03188216686248779,,1,,sin(2*pi*x0) + x1^2 + x2*x3 with x4~x0 and x5~x1 proxies,"[0, 1, 2, 3]","[(2, 3)]"
feature_path,KAN,correlated_proxy,1,512,2048,100,0.05,8,5,3,50,0.0,x2,2,,,1.7966303825378418,1.7794418334960938,-0.017188549041748047,,1,,sin(2*pi*x0) + x1^2 + x2*x3 with x4~x0 and x5~x1 proxies,"[0, 1, 2, 3]","[(2, 3)]"
feature_path,KAN,correlated_proxy,1,512,2048,100,0.05,8,5,3,50,0.0,x3,3,,,1.7966303825378418,1.7792413234710693,-0.01738905906677246,,1,,sin(2*pi*x0) + x1^2 + x2*x3 with x4~x0 and x5~x1 proxies,"[0, 1, 2, 3]","[(2, 3)]"
feature_path,KAN,correlated_proxy,1,512,2048,100,0.05,8,5,3,50,0.0,x4,4,,,1.7966303825378418,1.859205961227417,0.0625755786895752,,0,,sin(2*pi*x0) + x1^2 + x2*x3 with x4~x0 and x5~x1 proxies,"[0, 1, 2, 3]","[(2, 3)]"
feature_path,KAN,correlated_proxy,1,512,2048,100,0.05,8,5,3,50,0.0,x5,5,,,1.7966303825378418,1.7570914030075073,-0.03953897953033447,,0,,sin(2*pi*x0) + x1^2 + x2*x3 with x4~x0 and x5~x1 proxies,"[0, 1, 2, 3]","[(2, 3)]"
feature_path,KAN,correlated_proxy,1,512,2048,100,0.05,8,5,3,50,0.0,x33,33,,,1.7966303825378418,1.7940353155136108,-0.002595067024230957,,0,,sin(2*pi*x0) + x1^2 + x2*x3 with x4~x0 and x5~x1 proxies,"[0, 1, 2, 3]","[(2, 3)]"
feature_path,KAN,correlated_proxy,1,512,2048,100,0.05,8,5,3,50,0.0,x73,73,,,1.7966303825378418,1.7901208400726318,-0.006509542465209961,,0,,sin(2*pi*x0) + x1^2 + x2*x3 with x4~x0 and x5~x1 proxies,"[0, 1, 2, 3]","[(2, 3)]"
feature_path,KAN,correlated_proxy,1,512,2048,100,0.05,8,5,3,50,0.0,x95,95,,,1.7966303825378418,1.7951807975769043,-0.0014495849609375,,0,,sin(2*pi*x0) + x1^2 + x2*x3 with x4~x0 and x5~x1 proxies,"[0, 1, 2, 3]","[(2, 3)]"
hidden_output_path,KAN,correlated_proxy,1,512,2048,100,0.05,8,5,3,50,0.0,h0->out,,0,,1.7966303825378418,1.7137255668640137,-0.08290481567382812,,,,sin(2*pi*x0) + x1^2 + x2*x3 with x4~x0 and x5~x1 proxies,"[0, 1, 2, 3]","[(2, 3)]"
hidden_output_path,KAN,correlated_proxy,1,512,2048,100,0.05,8,5,3,50,0.0,h1->out,,1,,1.7966303825378418,1.8743867874145508,0.07775640487670898,,,,sin(2*pi*x0) + x1^2 + x2*x3 with x4~x0 and x5~x1 proxies,"[0, 1, 2, 3]","[(2, 3)]"
hidden_output_path,KAN,correlated_proxy,1,512,2048,100,0.05,8,5,3,50,0.0,h2->out,,2,,1.7966303825378418,1.6219007968902588,-0.174729585647583,,,,sin(2*pi*x0) + x1^2 + x2*x3 with x4~x0 and x5~x1 proxies,"[0, 1, 2, 3]","[(2, 3)]"
hidden_output_path,KAN,correlated_proxy,1,512,2048,100,0.05,8,5,3,50,0.0,h3->out,,3,,1.7966303825378418,1.695662498474121,-0.1009678840637207,,,,sin(2*pi*x0) + x1^2 + x2*x3 with x4~x0 and x5~x1 proxies,"[0, 1, 2, 3]","[(2, 3)]"
hidden_output_path,KAN,correlated_proxy,1,512,2048,100,0.05,8,5,3,50,0.0,h4->out,,4,,1.7966303825378418,1.7814364433288574,-0.015193939208984375,,,,sin(2*pi*x0) + x1^2 + x2*x3 with x4~x0 and x5~x1 proxies,"[0, 1, 2, 3]","[(2, 3)]"
hidden_output_path,KAN,correlated_proxy,1,512,2048,100,0.05,8,5,3,50,0.0,h5->out,,5,,1.7966303825378418,1.8205816745758057,0.023951292037963867,,,,sin(2*pi*x0) + x1^2 + x2*x3 with x4~x0 and x5~x1 proxies,"[0, 1, 2, 3]","[(2, 3)]"
hidden_output_path,KAN,correlated_proxy,1,512,2048,100,0.05,8,5,3,50,0.0,h6->out,,6,,1.7966303825378418,1.5823121070861816,-0.21431827545166016,,,,sin(2*pi*x0) + x1^2 + x2*x3 with x4~x0 and x5~x1 proxies,"[0, 1, 2, 3]","[(2, 3)]"
hidden_output_path,KAN,correlated_proxy,1,512,2048,100,0.05,8,5,3,50,0.0,h7->out,,7,,1.7966303825378418,1.640865683555603,-0.15576469898223877,,,,sin(2*pi*x0) + x1^2 + x2*x3 with x4~x0 and x5~x1 proxies,"[0, 1, 2, 3]","[(2, 3)]"
single_edge,KAN,correlated_proxy,1,512,2048,100,0.05,8,5,3,50,0.0,x0->h0,0,0,,1.7966303825378418,1.79036283493042,-0.006267547607421875,,1,,sin(2*pi*x0) + x1^2 + x2*x3 with x4~x0 and x5~x1 proxies,"[0, 1, 2, 3]","[(2, 3)]"
single_edge,KAN,correlated_proxy,1,512,2048,100,0.05,8,5,3,50,0.0,x0->h1,0,1,,1.7966303825378418,1.8844951391220093,0.08786475658416748,,1,,sin(2*pi*x0) + x1^2 + x2*x3 with x4~x0 and x5~x1 proxies,"[0, 1, 2, 3]","[(2, 3)]"
single_edge,KAN,correlated_proxy,1,512,2048,100,0.05,8,5,3,50,0.0,x0->h2,0,2,,1.7966303825378418,1.7995785474777222,0.002948164939880371,,1,,sin(2*pi*x0) + x1^2 + x2*x3 with x4~x0 and x5~x1 proxies,"[0, 1, 2, 3]","[(2, 3)]"
single_edge,KAN,correlated_proxy,1,512,2048,100,0.05,8,5,3,50,0.0,x0->h3,0,3,,1.7966303825378418,1.798699140548706,0.002068758010864258,,1,,sin(2*pi*x0) + x1^2 + x2*x3 with x4~x0 and x5~x1 proxies,"[0, 1, 2, 3]","[(2, 3)]"
single_edge,KAN,correlated_proxy,1,512,2048,100,0.05,8,5,3,50,0.0,x0->h4,0,4,,1.7966303825378418,1.8034398555755615,0.0068094730377197266,,1,,sin(2*pi*x0) + x1^2 + x2*x3 with x4~x0 and x5~x1 proxies,"[0, 1, 2, 3]","[(2, 3)]"
single_edge,KAN,correlated_proxy,1,512,2048,100,0.05,8,5,3,50,0.0,x0->h5,0,5,,1.7966303825378418,1.7816689014434814,-0.014961481094360352,,1,,sin(2*pi*x0) + x1^2 + x2*x3 with x4~x0 and x5~x1 proxies,"[0, 1, 2, 3]","[(2, 3)]"
single_edge,KAN,correlated_proxy,1,512,2048,100,0.05,8,5,3,50,0.0,x0->h6,0,6,,1.7966303825378418,1.8196046352386475,0.022974252700805664,,1,,sin(2*pi*x0) + x1^2 + x2*x3 with x4~x0 and x5~x1 proxies,"[0, 1, 2, 3]","[(2, 3)]"
single_edge,KAN,correlated_proxy,1,512,2048,100,0.05,8,5,3,50,0.0,x0->h7,0,7,,1.7966303825378418,1.8376717567443848,0.04104137420654297,,1,,sin(2*pi*x0) + x1^2 + x2*x3 with x4~x0 and x5~x1 proxies,"[0, 1, 2, 3]","[(2, 3)]"
single_edge,KAN,correlated_proxy,1,512,2048,100,0.05,8,5,3,50,0.0,x1->h0,1,0,,1.7966303825378418,1.7925009727478027,-0.0041294097900390625,,1,,sin(2*pi*x0) + x1^2 + x2*x3 with x4~x0 and x5~x1 proxies,"[0, 1, 2, 3]","[(2, 3)]"
single_edge,KAN,correlated_proxy,1,512,2048,100,0.05,8,5,3,50,0.0,x1->h1,1,1,,1.7966303825378418,1.7933037281036377,-0.0033266544342041016,,1,,sin(2*pi*x0) + x1^2 + x2*x3 with x4~x0 and x5~x1 proxies,"[0, 1, 2, 3]","[(2, 3)]"
single_edge,KAN,correlated_proxy,1,512,2048,100,0.05,8,5,3,50,0.0,x1->h2,1,2,,1.7966303825378418,1.797528624534607,0.0008982419967651367,,1,,sin(2*pi*x0) + x1^2 + x2*x3 with x4~x0 and x5~x1 proxies,"[0, 1, 2, 3]","[(2, 3)]"
single_edge,KAN,correlated_proxy,1,512,2048,100,0.05,8,5,3,50,0.0,x1->h3,1,3,,1.7966303825378418,1.77528977394104,-0.021340608596801758,,1,,sin(2*pi*x0) + x1^2 + x2*x3 with x4~x0 and x5~x1 proxies,"[0, 1, 2, 3]","[(2, 3)]"
single_edge,KAN,correlated_proxy,1,512,2048,100,0.05,8,5,3,50,0.0,x1->h4,1,4,,1.7966303825378418,1.7962572574615479,-0.0003731250762939453,,1,,sin(2*pi*x0) + x1^2 + x2*x3 with x4~x0 and x5~x1 proxies,"[0, 1, 2, 3]","[(2, 3)]"
single_edge,KAN,correlated_proxy,1,512,2048,100,0.05,8,5,3,50,0.0,x1->h5,1,5,,1.7966303825378418,1.7893240451812744,-0.007306337356567383,,1,,sin(2*pi*x0) + x1^2 + x2*x3 with x4~x0 and x5~x1 proxies,"[0, 1, 2, 3]","[(2, 3)]"
single_edge,KAN,correlated_proxy,1,512,2048,100,0.05,8,5,3,50,0.0,x1->h6,1,6,,1.7966303825378418,1.8039038181304932,0.007273435592651367,,1,,sin(2*pi*x0) + x1^2 + x2*x3 with x4~x0 and x5~x1 proxies,"[0, 1, 2, 3]","[(2, 3)]"
single_edge,KAN,correlated_proxy,1,512,2048,100,0.05,8,5,3,50,0.0,x1->h7,1,7,,1.7966303825378418,1.7910170555114746,-0.0056133270263671875,,1,,sin(2*pi*x0) + x1^2 + x2*x3 with x4~x0 and x5~x1 proxies,"[0, 1, 2, 3]","[(2, 3)]"
single_edge,KAN,correlated_proxy,1,512,2048,100,0.05,8,5,3,50,0.0,x2->h0,2,0,,1.7966303825378418,1.7959890365600586,-0.0006413459777832031,,1,,sin(2*pi*x0) + x1^2 + x2*x3 with x4~x0 and x5~x1 proxies,"[0, 1, 2, 3]","[(2, 3)]"
single_edge,KAN,correlated_proxy,1,512,2048,100,0.05,8,5,3,50,0.0,x2->h1,2,1,,1.7966303825378418,1.7954587936401367,-0.0011715888977050781,,1,,sin(2*pi*x0) + x1^2 + x2*x3 with x4~x0 and x5~x1 proxies,"[0, 1, 2, 3]","[(2, 3)]"
single_edge,KAN,correlated_proxy,1,512,2048,100,0.05,8,5,3,50,0.0,x2->h2,2,2,,1.7966303825378418,1.8009653091430664,0.004334926605224609,,1,,sin(2*pi*x0) + x1^2 + x2*x3 with x4~x0 and x5~x1 proxies,"[0, 1, 2, 3]","[(2, 3)]"
single_edge,KAN,correlated_proxy,1,512,2048,100,0.05,8,5,3,50,0.0,x2->h3,2,3,,1.7966303825378418,1.796682357788086,5.1975250244140625e-05,,1,,sin(2*pi*x0) + x1^2 + x2*x3 with x4~x0 and x5~x1 proxies,"[0, 1, 2, 3]","[(2, 3)]"
single_edge,KAN,correlated_proxy,1,512,2048,100,0.05,8,5,3,50,0.0,x2->h4,2,4,,1.7966303825378418,1.7968541383743286,0.0002237558364868164,,1,,sin(2*pi*x0) + x1^2 + x2*x3 with x4~x0 and x5~x1 proxies,"[0, 1, 2, 3]","[(2, 3)]"
single_edge,KAN,correlated_proxy,1,512,2048,100,0.05,8,5,3,50,0.0,x2->h5,2,5,,1.7966303825378418,1.7971192598342896,0.0004888772964477539,,1,,sin(2*pi*x0) + x1^2 + x2*x3 with x4~x0 and x5~x1 proxies,"[0, 1, 2, 3]","[(2, 3)]"
single_edge,KAN,correlated_proxy,1,512,2048,100,0.05,8,5,3,50,0.0,x2->h6,2,6,,1.7966303825378418,1.791982889175415,-0.004647493362426758,,1,,sin(2*pi*x0) + x1^2 + x2*x3 with x4~x0 and x5~x1 proxies,"[0, 1, 2, 3]","[(2, 3)]"
single_edge,KAN,correlated_proxy,1,512,2048,100,0.05,8,5,3,50,0.0,x2->h7,2,7,,1.7966303825378418,1.7832597494125366,-0.013370633125305176,,1,,sin(2*pi*x0) + x1^2 + x2*x3 with x4~x0 and x5~x1 proxies,"[0, 1, 2, 3]","[(2, 3)]"
single_edge,KAN,correlated_proxy,1,512,2048,100,0.05,8,5,3,50,0.0,x3->h0,3,0,,1.7966303825378418,1.7999444007873535,0.0033140182495117188,,1,,sin(2*pi*x0) + x1^2 + x2*x3 with x4~x0 and x5~x1 proxies,"[0, 1, 2, 3]","[(2, 3)]"
single_edge,KAN,correlated_proxy,1,512,2048,100,0.05,8,5,3,50,0.0,x3->h1,3,1,,1.7966303825378418,1.796889066696167,0.0002586841583251953,,1,,sin(2*pi*x0) + x1^2 + x2*x3 with x4~x0 and x5~x1 proxies,"[0, 1, 2, 3]","[(2, 3)]"
single_edge,KAN,correlated_proxy,1,512,2048,100,0.05,8,5,3,50,0.0,x3->h2,3,2,,1.7966303825378418,1.8065710067749023,0.009940624237060547,,1,,sin(2*pi*x0) + x1^2 + x2*x3 with x4~x0 and x5~x1 proxies,"[0, 1, 2, 3]","[(2, 3)]"
single_edge,KAN,correlated_proxy,1,512,2048,100,0.05,8,5,3,50,0.0,x3->h3,3,3,,1.7966303825378418,1.7942440509796143,-0.002386331558227539,,1,,sin(2*pi*x0) + x1^2 + x2*x3 with x4~x0 and x5~x1 proxies,"[0, 1, 2, 3]","[(2, 3)]"
single_edge,KAN,correlated_proxy,1,512,2048,100,0.05,8,5,3,50,0.0,x3->h4,3,4,,1.7966303825378418,1.7954834699630737,-0.0011469125747680664,,1,,sin(2*pi*x0) + x1^2 + x2*x3 with x4~x0 and x5~x1 proxies,"[0, 1, 2, 3]","[(2, 3)]"
single_edge,KAN,correlated_proxy,1,512,2048,100,0.05,8,5,3,50,0.0,x3->h5,3,5,,1.7966303825378418,1.784842610359192,-0.011787772178649902,,1,,sin(2*pi*x0) + x1^2 + x2*x3 with x4~x0 and x5~x1 proxies,"[0, 1, 2, 3]","[(2, 3)]"
single_edge,KAN,correlated_proxy,1,512,2048,100,0.05,8,5,3,50,0.0,x3->h6,3,6,,1.7966303825378418,1.7843127250671387,-0.012317657470703125,,1,,sin(2*pi*x0) + x1^2 + x2*x3 with x4~x0 and x5~x1 proxies,"[0, 1, 2, 3]","[(2, 3)]"
single_edge,KAN,correlated_proxy,1,512,2048,100,0.05,8,5,3,50,0.0,x3->h7,3,7,,1.7966303825378418,1.7930307388305664,-0.0035996437072753906,,1,,sin(2*pi*x0) + x1^2 + x2*x3 with x4~x0 and x5~x1 proxies,"[0, 1, 2, 3]","[(2, 3)]"
single_edge,KAN,correlated_proxy,1,512,2048,100,0.05,8,5,3,50,0.0,x4->h0,4,0,,1.7966303825378418,1.7896510362625122,-0.00697934627532959,,0,,sin(2*pi*x0) + x1^2 + x2*x3 with x4~x0 and x5~x1 proxies,"[0, 1, 2, 3]","[(2, 3)]"
single_edge,KAN,correlated_proxy,1,512,2048,100,0.05,8,5,3,50,0.0,x4->h1,4,1,,1.7966303825378418,1.8415582180023193,0.04492783546447754,,0,,sin(2*pi*x0) + x1^2 + x2*x3 with x4~x0 and x5~x1 proxies,"[0, 1, 2, 3]","[(2, 3)]"
single_edge,KAN,correlated_proxy,1,512,2048,100,0.05,8,5,3,50,0.0,x4->h2,4,2,,1.7966303825378418,1.7958539724349976,-0.0007764101028442383,,0,,sin(2*pi*x0) + x1^2 + x2*x3 with x4~x0 and x5~x1 proxies,"[0, 1, 2, 3]","[(2, 3)]"
single_edge,KAN,correlated_proxy,1,512,2048,100,0.05,8,5,3,50,0.0,x4->h3,4,3,,1.7966303825378418,1.7935280799865723,-0.0031023025512695312,,0,,sin(2*pi*x0) + x1^2 + x2*x3 with x4~x0 and x5~x1 proxies,"[0, 1, 2, 3]","[(2, 3)]"
single_edge,KAN,correlated_proxy,1,512,2048,100,0.05,8,5,3,50,0.0,x4->h4,4,4,,1.7966303825378418,1.8025970458984375,0.005966663360595703,,0,,sin(2*pi*x0) + x1^2 + x2*x3 with x4~x0 and x5~x1 proxies,"[0, 1, 2, 3]","[(2, 3)]"
single_edge,KAN,correlated_proxy,1,512,2048,100,0.05,8,5,3,50,0.0,x4->h5,4,5,,1.7966303825378418,1.7821805477142334,-0.014449834823608398,,0,,sin(2*pi*x0) + x1^2 + x2*x3 with x4~x0 and x5~x1 proxies,"[0, 1, 2, 3]","[(2, 3)]"
single_edge,KAN,correlated_proxy,1,512,2048,100,0.05,8,5,3,50,0.0,x4->h6,4,6,,1.7966303825378418,1.816044807434082,0.019414424896240234,,0,,sin(2*pi*x0) + x1^2 + x2*x3 with x4~x0 and x5~x1 proxies,"[0, 1, 2, 3]","[(2, 3)]"
single_edge,KAN,correlated_proxy,1,512,2048,100,0.05,8,5,3,50,0.0,x4->h7,4,7,,1.7966303825378418,1.8421385288238525,0.04550814628601074,,0,,sin(2*pi*x0) + x1^2 + x2*x3 with x4~x0 and x5~x1 proxies,"[0, 1, 2, 3]","[(2, 3)]"
single_edge,KAN,correlated_proxy,1,512,2048,100,0.05,8,5,3,50,0.0,x5->h0,5,0,,1.7966303825378418,1.7927629947662354,-0.0038673877716064453,,0,,sin(2*pi*x0) + x1^2 + x2*x3 with x4~x0 and x5~x1 proxies,"[0, 1, 2, 3]","[(2, 3)]"
single_edge,KAN,correlated_proxy,1,512,2048,100,0.05,8,5,3,50,0.0,x5->h1,5,1,,1.7966303825378418,1.7914001941680908,-0.0052301883697509766,,0,,sin(2*pi*x0) + x1^2 + x2*x3 with x4~x0 and x5~x1 proxies,"[0, 1, 2, 3]","[(2, 3)]"
single_edge,KAN,correlated_proxy,1,512,2048,100,0.05,8,5,3,50,0.0,x5->h2,5,2,,1.7966303825378418,1.7960023880004883,-0.0006279945373535156,,0,,sin(2*pi*x0) + x1^2 + x2*x3 with x4~x0 and x5~x1 proxies,"[0, 1, 2, 3]","[(2, 3)]"
single_edge,KAN,correlated_proxy,1,512,2048,100,0.05,8,5,3,50,0.0,x5->h3,5,3,,1.7966303825378418,1.771343469619751,-0.02528691291809082,,0,,sin(2*pi*x0) + x1^2 + x2*x3 with x4~x0 and x5~x1 proxies,"[0, 1, 2, 3]","[(2, 3)]"
single_edge,KAN,correlated_proxy,1,512,2048,100,0.05,8,5,3,50,0.0,x5->h4,5,4,,1.7966303825378418,1.7960364818572998,-0.0005939006805419922,,0,,sin(2*pi*x0) + x1^2 + x2*x3 with x4~x0 and x5~x1 proxies,"[0, 1, 2, 3]","[(2, 3)]"
single_edge,KAN,correlated_proxy,1,512,2048,100,0.05,8,5,3,50,0.0,x5->h5,5,5,,1.7966303825378418,1.7893157005310059,-0.0073146820068359375,,0,,sin(2*pi*x0) + x1^2 + x2*x3 with x4~x0 and x5~x1 proxies,"[0, 1, 2, 3]","[(2, 3)]"
single_edge,KAN,correlated_proxy,1,512,2048,100,0.05,8,5,3,50,0.0,x5->h6,5,6,,1.7966303825378418,1.8039841651916504,0.007353782653808594,,0,,sin(2*pi*x0) + x1^2 + x2*x3 with x4~x0 and x5~x1 proxies,"[0, 1, 2, 3]","[(2, 3)]"
single_edge,KAN,correlated_proxy,1,512,2048,100,0.05,8,5,3,50,0.0,x5->h7,5,7,,1.7966303825378418,1.7891349792480469,-0.007495403289794922,,0,,sin(2*pi*x0) + x1^2 + x2*x3 with x4~x0 and x5~x1 proxies,"[0, 1, 2, 3]","[(2, 3)]"
single_edge,KAN,correlated_proxy,1,512,2048,100,0.05,8,5,3,50,0.0,x33->h0,33,0,,1.7966303825378418,1.7932449579238892,-0.0033854246139526367,,0,,sin(2*pi*x0) + x1^2 + x2*x3 with x4~x0 and x5~x1 proxies,"[0, 1, 2, 3]","[(2, 3)]"
single_edge,KAN,correlated_proxy,1,512,2048,100,0.05,8,5,3,50,0.0,x33->h1,33,1,,1.7966303825378418,1.7963017225265503,-0.0003286600112915039,,0,,sin(2*pi*x0) + x1^2 + x2*x3 with x4~x0 and x5~x1 proxies,"[0, 1, 2, 3]","[(2, 3)]"
single_edge,KAN,correlated_proxy,1,512,2048,100,0.05,8,5,3,50,0.0,x33->h2,33,2,,1.7966303825378418,1.7966012954711914,-2.9087066650390625e-05,,0,,sin(2*pi*x0) + x1^2 + x2*x3 with x4~x0 and x5~x1 proxies,"[0, 1, 2, 3]","[(2, 3)]"
single_edge,KAN,correlated_proxy,1,512,2048,100,0.05,8,5,3,50,0.0,x33->h3,33,3,,1.7966303825378418,1.7982563972473145,0.0016260147094726562,,0,,sin(2*pi*x0) + x1^2 + x2*x3 with x4~x0 and x5~x1 proxies,"[0, 1, 2, 3]","[(2, 3)]"
single_edge,KAN,correlated_proxy,1,512,2048,100,0.05,8,5,3,50,0.0,x33->h4,33,4,,1.7966303825378418,1.796555519104004,-7.486343383789062e-05,,0,,sin(2*pi*x0) + x1^2 + x2*x3 with x4~x0 and x5~x1 proxies,"[0, 1, 2, 3]","[(2, 3)]"
single_edge,KAN,correlated_proxy,1,512,2048,100,0.05,8,5,3,50,0.0,x33->h5,33,5,,1.7966303825378418,1.796094298362732,-0.0005360841751098633,,0,,sin(2*pi*x0) + x1^2 + x2*x3 with x4~x0 and x5~x1 proxies,"[0, 1, 2, 3]","[(2, 3)]"
single_edge,KAN,correlated_proxy,1,512,2048,100,0.05,8,5,3,50,0.0,x33->h6,33,6,,1.7966303825378418,1.7975740432739258,0.0009436607360839844,,0,,sin(2*pi*x0) + x1^2 + x2*x3 with x4~x0 and x5~x1 proxies,"[0, 1, 2, 3]","[(2, 3)]"
single_edge,KAN,correlated_proxy,1,512,2048,100,0.05,8,5,3,50,0.0,x33->h7,33,7,,1.7966303825378418,1.7960866689682007,-0.0005437135696411133,,0,,sin(2*pi*x0) + x1^2 + x2*x3 with x4~x0 and x5~x1 proxies,"[0, 1, 2, 3]","[(2, 3)]"
single_edge,KAN,correlated_proxy,1,512,2048,100,0.05,8,5,3,50,0.0,x73->h0,73,0,,1.7966303825378418,1.7910025119781494,-0.005627870559692383,,0,,sin(2*pi*x0) + x1^2 + x2*x3 with x4~x0 and x5~x1 proxies,"[0, 1, 2, 3]","[(2, 3)]"
single_edge,KAN,correlated_proxy,1,512,2048,100,0.05,8,5,3,50,0.0,x73->h1,73,1,,1.7966303825378418,1.7920758724212646,-0.0045545101165771484,,0,,sin(2*pi*x0) + x1^2 + x2*x3 with x4~x0 and x5~x1 proxies,"[0, 1, 2, 3]","[(2, 3)]"
single_edge,KAN,correlated_proxy,1,512,2048,100,0.05,8,5,3,50,0.0,x73->h2,73,2,,1.7966303825378418,1.8077538013458252,0.011123418807983398,,0,,sin(2*pi*x0) + x1^2 + x2*x3 with x4~x0 and x5~x1 proxies,"[0, 1, 2, 3]","[(2, 3)]"
single_edge,KAN,correlated_proxy,1,512,2048,100,0.05,8,5,3,50,0.0,x73->h3,73,3,,1.7966303825378418,1.7957334518432617,-0.0008969306945800781,,0,,sin(2*pi*x0) + x1^2 + x2*x3 with x4~x0 and x5~x1 proxies,"[0, 1, 2, 3]","[(2, 3)]"
single_edge,KAN,correlated_proxy,1,512,2048,100,0.05,8,5,3,50,0.0,x73->h4,73,4,,1.7966303825378418,1.7967040538787842,7.367134094238281e-05,,0,,sin(2*pi*x0) + x1^2 + x2*x3 with x4~x0 and x5~x1 proxies,"[0, 1, 2, 3]","[(2, 3)]"
single_edge,KAN,correlated_proxy,1,512,2048,100,0.05,8,5,3,50,0.0,x73->h5,73,5,,1.7966303825378418,1.799225926399231,0.00259554386138916,,0,,sin(2*pi*x0) + x1^2 + x2*x3 with x4~x0 and x5~x1 proxies,"[0, 1, 2, 3]","[(2, 3)]"
single_edge,KAN,correlated_proxy,1,512,2048,100,0.05,8,5,3,50,0.0,x73->h6,73,6,,1.7966303825378418,1.7924749851226807,-0.004155397415161133,,0,,sin(2*pi*x0) + x1^2 + x2*x3 with x4~x0 and x5~x1 proxies,"[0, 1, 2, 3]","[(2, 3)]"
single_edge,KAN,correlated_proxy,1,512,2048,100,0.05,8,5,3,50,0.0,x73->h7,73,7,,1.7966303825378418,1.8011906147003174,0.004560232162475586,,0,,sin(2*pi*x0) + x1^2 + x2*x3 with x4~x0 and x5~x1 proxies,"[0, 1, 2, 3]","[(2, 3)]"
single_edge,KAN,correlated_proxy,1,512,2048,100,0.05,8,5,3,50,0.0,x95->h0,95,0,,1.7966303825378418,1.7845277786254883,-0.012102603912353516,,0,,sin(2*pi*x0) + x1^2 + x2*x3 with x4~x0 and x5~x1 proxies,"[0, 1, 2, 3]","[(2, 3)]"
single_edge,KAN,correlated_proxy,1,512,2048,100,0.05,8,5,3,50,0.0,x95->h1,95,1,,1.7966303825378418,1.7966864109039307,5.602836608886719e-05,,0,,sin(2*pi*x0) + x1^2 + x2*x3 with x4~x0 and x5~x1 proxies,"[0, 1, 2, 3]","[(2, 3)]"
single_edge,KAN,correlated_proxy,1,512,2048,100,0.05,8,5,3,50,0.0,x95->h2,95,2,,1.7966303825378418,1.804558277130127,0.007927894592285156,,0,,sin(2*pi*x0) + x1^2 + x2*x3 with x4~x0 and x5~x1 proxies,"[0, 1, 2, 3]","[(2, 3)]"
single_edge,KAN,correlated_proxy,1,512,2048,100,0.05,8,5,3,50,0.0,x95->h3,95,3,,1.7966303825378418,1.8008182048797607,0.004187822341918945,,0,,sin(2*pi*x0) + x1^2 + x2*x3 with x4~x0 and x5~x1 proxies,"[0, 1, 2, 3]","[(2, 3)]"
single_edge,KAN,correlated_proxy,1,512,2048,100,0.05,8,5,3,50,0.0,x95->h4,95,4,,1.7966303825378418,1.7972067594528198,0.0005763769149780273,,0,,sin(2*pi*x0) + x1^2 + x2*x3 with x4~x0 and x5~x1 proxies,"[0, 1, 2, 3]","[(2, 3)]"
single_edge,KAN,correlated_proxy,1,512,2048,100,0.05,8,5,3,50,0.0,x95->h5,95,5,,1.7966303825378418,1.799505591392517,0.002875208854675293,,0,,sin(2*pi*x0) + x1^2 + x2*x3 with x4~x0 and x5~x1 proxies,"[0, 1, 2, 3]","[(2, 3)]"
single_edge,KAN,correlated_proxy,1,512,2048,100,0.05,8,5,3,50,0.0,x95->h6,95,6,,1.7966303825378418,1.7911736965179443,-0.005456686019897461,,0,,sin(2*pi*x0) + x1^2 + x2*x3 with x4~x0 and x5~x1 proxies,"[0, 1, 2, 3]","[(2, 3)]"
single_edge,KAN,correlated_proxy,1,512,2048,100,0.05,8,5,3,50,0.0,x95->h7,95,7,,1.7966303825378418,1.8013498783111572,0.00471949577331543,,0,,sin(2*pi*x0) + x1^2 + x2*x3 with x4~x0 and x5~x1 proxies,"[0, 1, 2, 3]","[(2, 3)]"
feature_pair_path,KAN,correlated_proxy,1,512,2048,100,0.05,8,5,3,50,0.0,"x2,x3",,,"(2, 3)",1.7966303825378418,1.7615768909454346,-0.03505349159240723,-0.00047588348388671875,,1,sin(2*pi*x0) + x1^2 + x2*x3 with x4~x0 and x5~x1 proxies,"[0, 1, 2, 3]","[(2, 3)]"
shared_hidden_pair_edges,KAN,correlated_proxy,1,512,2048,100,0.05,8,5,3,50,0.0,"x2,x3->h0",,0,"(2, 3)",1.7966303825378418,1.7989505529403687,0.0023201704025268555,-0.00035250186920166016,,1,sin(2*pi*x0) + x1^2 + x2*x3 with x4~x0 and x5~x1 proxies,"[0, 1, 2, 3]","[(2, 3)]"
shared_hidden_pair_edges,KAN,correlated_proxy,1,512,2048,100,0.05,8,5,3,50,0.0,"x2,x3->h1",,1,"(2, 3)",1.7966303825378418,1.7962052822113037,-0.00042510032653808594,0.0004878044128417969,,1,sin(2*pi*x0) + x1^2 + x2*x3 with x4~x0 and x5~x1 proxies,"[0, 1, 2, 3]","[(2, 3)]"
shared_hidden_pair_edges,KAN,correlated_proxy,1,512,2048,100,0.05,8,5,3,50,0.0,"x2,x3->h2",,2,"(2, 3)",1.7966303825378418,1.8111411333084106,0.014510750770568848,0.0002351999282836914,,1,sin(2*pi*x0) + x1^2 + x2*x3 with x4~x0 and x5~x1 proxies,"[0, 1, 2, 3]","[(2, 3)]"
shared_hidden_pair_edges,KAN,correlated_proxy,1,512,2048,100,0.05,8,5,3,50,0.0,"x2,x3->h3",,3,"(2, 3)",1.7966303825378418,1.7943434715270996,-0.0022869110107421875,4.744529724121094e-05,,1,sin(2*pi*x0) + x1^2 + x2*x3 with x4~x0 and x5~x1 proxies,"[0, 1, 2, 3]","[(2, 3)]"
shared_hidden_pair_edges,KAN,correlated_proxy,1,512,2048,100,0.05,8,5,3,50,0.0,"x2,x3->h4",,4,"(2, 3)",1.7966303825378418,1.7954915761947632,-0.0011388063430786133,-0.00021564960479736328,,1,sin(2*pi*x0) + x1^2 + x2*x3 with x4~x0 and x5~x1 proxies,"[0, 1, 2, 3]","[(2, 3)]"
shared_hidden_pair_edges,KAN,correlated_proxy,1,512,2048,100,0.05,8,5,3,50,0.0,"x2,x3->h5",,5,"(2, 3)",1.7966303825378418,1.7851684093475342,-0.011461973190307617,-0.00016307830810546875,,1,sin(2*pi*x0) + x1^2 + x2*x3 with x4~x0 and x5~x1 proxies,"[0, 1, 2, 3]","[(2, 3)]"
shared_hidden_pair_edges,KAN,correlated_proxy,1,512,2048,100,0.05,8,5,3,50,0.0,"x2,x3->h6",,6,"(2, 3)",1.7966303825378418,1.7767999172210693,-0.01983046531677246,-0.002865314483642578,,1,sin(2*pi*x0) + x1^2 + x2*x3 with x4~x0 and x5~x1 proxies,"[0, 1, 2, 3]","[(2, 3)]"
shared_hidden_pair_edges,KAN,correlated_proxy,1,512,2048,100,0.05,8,5,3,50,0.0,"x2,x3->h7",,7,"(2, 3)",1.7966303825378418,1.779470443725586,-0.01715993881225586,-0.00018966197967529297,,1,sin(2*pi*x0) + x1^2 + x2*x3 with x4~x0 and x5~x1 proxies,"[0, 1, 2, 3]","[(2, 3)]"
feature_pair_path,KAN,correlated_proxy,1,512,2048,100,0.05,8,5,3,50,0.0,"x0,x4",,,"(0, 4)",1.7966303825378418,2.005012035369873,0.20838165283203125,0.03223836421966553,,0,sin(2*pi*x0) + x1^2 + x2*x3 with x4~x0 and x5~x1 proxies,"[0, 1, 2, 3]","[(2, 3)]"
shared_hidden_pair_edges,KAN,correlated_proxy,1,512,2048,100,0.05,8,5,3,50,0.0,"x0,x4->h0",,0,"(0, 4)",1.7966303825378418,1.7779788970947266,-0.018651485443115234,-0.0054045915603637695,,0,sin(2*pi*x0) + x1^2 + x2*x3 with x4~x0 and x5~x1 proxies,"[0, 1, 2, 3]","[(2, 3)]"
shared_hidden_pair_edges,KAN,correlated_proxy,1,512,2048,100,0.05,8,5,3,50,0.0,"x0,x4->h1",,1,"(0, 4)",1.7966303825378418,1.9642518758773804,0.16762149333953857,0.034828901290893555,,0,sin(2*pi*x0) + x1^2 + x2*x3 with x4~x0 and x5~x1 proxies,"[0, 1, 2, 3]","[(2, 3)]"
shared_hidden_pair_edges,KAN,correlated_proxy,1,512,2048,100,0.05,8,5,3,50,0.0,"x0,x4->h2",,2,"(0, 4)",1.7966303825378418,1.7991275787353516,0.0024971961975097656,0.0003254413604736328,,0,sin(2*pi*x0) + x1^2 + x2*x3 with x4~x0 and x5~x1 proxies,"[0, 1, 2, 3]","[(2, 3)]"
shared_hidden_pair_edges,KAN,correlated_proxy,1,512,2048,100,0.05,8,5,3,50,0.0,"x0,x4->h3",,3,"(0, 4)",1.7966303825378418,1.7977213859558105,0.00109100341796875,0.0021245479583740234,,0,sin(2*pi*x0) + x1^2 + x2*x3 with x4~x0 and x5~x1 proxies,"[0, 1, 2, 3]","[(2, 3)]"
shared_hidden_pair_edges,KAN,correlated_proxy,1,512,2048,100,0.05,8,5,3,50,0.0,"x0,x4->h4",,4,"(0, 4)",1.7966303825378418,1.809232234954834,0.012601852416992188,-0.0001742839813232422,,0,sin(2*pi*x0) + x1^2 + x2*x3 with x4~x0 and x5~x1 proxies,"[0, 1, 2, 3]","[(2, 3)]"
shared_hidden_pair_edges,KAN,correlated_proxy,1,512,2048,100,0.05,8,5,3,50,0.0,"x0,x4->h5",,5,"(0, 4)",1.7966303825378418,1.7839685678482056,-0.01266181468963623,0.01674950122833252,,0,sin(2*pi*x0) + x1^2 + x2*x3 with x4~x0 and x5~x1 proxies,"[0, 1, 2, 3]","[(2, 3)]"
shared_hidden_pair_edges,KAN,correlated_proxy,1,512,2048,100,0.05,8,5,3,50,0.0,"x0,x4->h6",,6,"(0, 4)",1.7966303825378418,1.8592854738235474,0.06265509128570557,0.020266413688659668,,0,sin(2*pi*x0) + x1^2 + x2*x3 with x4~x0 and x5~x1 proxies,"[0, 1, 2, 3]","[(2, 3)]"
shared_hidden_pair_edges,KAN,correlated_proxy,1,512,2048,100,0.05,8,5,3,50,0.0,"x0,x4->h7",,7,"(0, 4)",1.7966303825378418,1.8827438354492188,0.08611345291137695,-0.0004360675811767578,,0,sin(2*pi*x0) + x1^2 + x2*x3 with x4~x0 and x5~x1 proxies,"[0, 1, 2, 3]","[(2, 3)]"
feature_pair_path,KAN,correlated_proxy,1,512,2048,100,0.05,8,5,3,50,0.0,"x1,x5",,,"(1, 5)",1.7966303825378418,1.7553743124008179,-0.041256070137023926,0.03016507625579834,,0,sin(2*pi*x0) + x1^2 + x2*x3 with x4~x0 and x5~x1 proxies,"[0, 1, 2, 3]","[(2, 3)]"
shared_hidden_pair_edges,KAN,correlated_proxy,1,512,2048,100,0.05,8,5,3,50,0.0,"x1,x5->h0",,0,"(1, 5)",1.7966303825378418,1.7856688499450684,-0.010961532592773438,-0.0029647350311279297,,0,sin(2*pi*x0) + x1^2 + x2*x3 with x4~x0 and x5~x1 proxies,"[0, 1, 2, 3]","[(2, 3)]"
shared_hidden_pair_edges,KAN,correlated_proxy,1,512,2048,100,0.05,8,5,3,50,0.0,"x1,x5->h1",,1,"(1, 5)",1.7966303825378418,1.8002052307128906,0.003574848175048828,0.012131690979003906,,0,sin(2*pi*x0) + x1^2 + x2*x3 with x4~x0 and x5~x1 proxies,"[0, 1, 2, 3]","[(2, 3)]"
shared_hidden_pair_edges,KAN,correlated_proxy,1,512,2048,100,0.05,8,5,3,50,0.0,"x1,x5->h2",,2,"(1, 5)",1.7966303825378418,1.7973432540893555,0.0007128715515136719,0.0004426240921020508,,0,sin(2*pi*x0) + x1^2 + x2*x3 with x4~x0 and x5~x1 proxies,"[0, 1, 2, 3]","[(2, 3)]"
shared_hidden_pair_edges,KAN,correlated_proxy,1,512,2048,100,0.05,8,5,3,50,0.0,"x1,x5->h3",,3,"(1, 5)",1.7966303825378418,1.7672767639160156,-0.029353618621826172,0.017273902893066406,,0,sin(2*pi*x0) + x1^2 + x2*x3 with x4~x0 and x5~x1 proxies,"[0, 1, 2, 3]","[(2, 3)]"
shared_hidden_pair_edges,KAN,correlated_proxy,1,512,2048,100,0.05,8,5,3,50,0.0,"x1,x5->h4",,4,"(1, 5)",1.7966303825378418,1.7973673343658447,0.0007369518280029297,0.0017039775848388672,,0,sin(2*pi*x0) + x1^2 + x2*x3 with x4~x0 and x5~x1 proxies,"[0, 1, 2, 3]","[(2, 3)]"
shared_hidden_pair_edges,KAN,correlated_proxy,1,512,2048,100,0.05,8,5,3,50,0.0,"x1,x5->h5",,5,"(1, 5)",1.7966303825378418,1.7918602228164673,-0.004770159721374512,0.009850859642028809,,0,sin(2*pi*x0) + x1^2 + x2*x3 with x4~x0 and x5~x1 proxies,"[0, 1, 2, 3]","[(2, 3)]"
shared_hidden_pair_edges,KAN,correlated_proxy,1,512,2048,100,0.05,8,5,3,50,0.0,"x1,x5->h6",,6,"(1, 5)",1.7966303825378418,1.8097050189971924,0.013074636459350586,-0.001552581787109375,,0,sin(2*pi*x0) + x1^2 + x2*x3 with x4~x0 and x5~x1 proxies,"[0, 1, 2, 3]","[(2, 3)]"
shared_hidden_pair_edges,KAN,correlated_proxy,1,512,2048,100,0.05,8,5,3,50,0.0,"x1,x5->h7",,7,"(1, 5)",1.7966303825378418,1.7933237552642822,-0.0033066272735595703,0.009802103042602539,,0,sin(2*pi*x0) + x1^2 + x2*x3 with x4~x0 and x5~x1 proxies,"[0, 1, 2, 3]","[(2, 3)]"
feature_pair_path,KAN,correlated_proxy,1,512,2048,100,0.05,8,5,3,50,0.0,"x0,x1",,,"(0, 1)",1.7966303825378418,1.927288293838501,0.13065791130065918,0.048972368240356445,,0,sin(2*pi*x0) + x1^2 + x2*x3 with x4~x0 and x5~x1 proxies,"[0, 1, 2, 3]","[(2, 3)]"
shared_hidden_pair_edges,KAN,correlated_proxy,1,512,2048,100,0.05,8,5,3,50,0.0,"x0,x1->h0",,0,"(0, 1)",1.7966303825378418,1.7870961427688599,-0.009534239768981934,0.0008627176284790039,,0,sin(2*pi*x0) + x1^2 + x2*x3 with x4~x0 and x5~x1 proxies,"[0, 1, 2, 3]","[(2, 3)]"
shared_hidden_pair_edges,KAN,correlated_proxy,1,512,2048,100,0.05,8,5,3,50,0.0,"x0,x1->h1",,1,"(0, 1)",1.7966303825378418,1.880775809288025,0.0841454267501831,-0.00039267539978027344,,0,sin(2*pi*x0) + x1^2 + x2*x3 with x4~x0 and x5~x1 proxies,"[0, 1, 2, 3]","[(2, 3)]"
shared_hidden_pair_edges,KAN,correlated_proxy,1,512,2048,100,0.05,8,5,3,50,0.0,"x0,x1->h2",,2,"(0, 1)",1.7966303825378418,1.8005938529968262,0.003963470458984375,0.00011706352233886719,,0,sin(2*pi*x0) + x1^2 + x2*x3 with x4~x0 and x5~x1 proxies,"[0, 1, 2, 3]","[(2, 3)]"
shared_hidden_pair_edges,KAN,correlated_proxy,1,512,2048,100,0.05,8,5,3,50,0.0,"x0,x1->h3",,3,"(0, 1)",1.7966303825378418,1.8001474142074585,0.0035170316696166992,0.0227888822555542,,0,sin(2*pi*x0) + x1^2 + x2*x3 with x4~x0 and x5~x1 proxies,"[0, 1, 2, 3]","[(2, 3)]"
shared_hidden_pair_edges,KAN,correlated_proxy,1,512,2048,100,0.05,8,5,3,50,0.0,"x0,x1->h4",,4,"(0, 1)",1.7966303825378418,1.8027737140655518,0.006143331527709961,-0.0002930164337158203,,0,sin(2*pi*x0) + x1^2 + x2*x3 with x4~x0 and x5~x1 proxies,"[0, 1, 2, 3]","[(2, 3)]"
shared_hidden_pair_edges,KAN,correlated_proxy,1,512,2048,100,0.05,8,5,3,50,0.0,"x0,x1->h5",,5,"(0, 1)",1.7966303825378418,1.7826969623565674,-0.013933420181274414,0.00833439826965332,,0,sin(2*pi*x0) + x1^2 + x2*x3 with x4~x0 and x5~x1 proxies,"[0, 1, 2, 3]","[(2, 3)]"
shared_hidden_pair_edges,KAN,correlated_proxy,1,512,2048,100,0.05,8,5,3,50,0.0,"x0,x1->h6",,6,"(0, 1)",1.7966303825378418,1.826073169708252,0.029442787170410156,-0.000804901123046875,,0,sin(2*pi*x0) + x1^2 + x2*x3 with x4~x0 and x5~x1 proxies,"[0, 1, 2, 3]","[(2, 3)]"
shared_hidden_pair_edges,KAN,correlated_proxy,1,512,2048,100,0.05,8,5,3,50,0.0,"x0,x1->h7",,7,"(0, 1)",1.7966303825378418,1.843674898147583,0.04704451560974121,0.01161646842956543,,0,sin(2*pi*x0) + x1^2 + x2*x3 with x4~x0 and x5~x1 proxies,"[0, 1, 2, 3]","[(2, 3)]"
feature_path,KAN,correlated_proxy,2,512,2048,100,0.05,8,5,3,50,0.0,x0,0,,,1.8785558938980103,1.9662810564041138,0.08772516250610352,,1,,sin(2*pi*x0) + x1^2 + x2*x3 with x4~x0 and x5~x1 proxies,"[0, 1, 2, 3]","[(2, 3)]"
feature_path,KAN,correlated_proxy,2,512,2048,100,0.05,8,5,3,50,0.0,x1,1,,,1.8785558938980103,1.8697290420532227,-0.008826851844787598,,1,,sin(2*pi*x0) + x1^2 + x2*x3 with x4~x0 and x5~x1 proxies,"[0, 1, 2, 3]","[(2, 3)]"
feature_path,KAN,correlated_proxy,2,512,2048,100,0.05,8,5,3,50,0.0,x2,2,,,1.8785558938980103,1.9009435176849365,0.02238762378692627,,1,,sin(2*pi*x0) + x1^2 + x2*x3 with x4~x0 and x5~x1 proxies,"[0, 1, 2, 3]","[(2, 3)]"
feature_path,KAN,correlated_proxy,2,512,2048,100,0.05,8,5,3,50,0.0,x3,3,,,1.8785558938980103,1.7862439155578613,-0.09231197834014893,,1,,sin(2*pi*x0) + x1^2 + x2*x3 with x4~x0 and x5~x1 proxies,"[0, 1, 2, 3]","[(2, 3)]"
feature_path,KAN,correlated_proxy,2,512,2048,100,0.05,8,5,3,50,0.0,x4,4,,,1.8785558938980103,1.957888126373291,0.07933223247528076,,0,,sin(2*pi*x0) + x1^2 + x2*x3 with x4~x0 and x5~x1 proxies,"[0, 1, 2, 3]","[(2, 3)]"
feature_path,KAN,correlated_proxy,2,512,2048,100,0.05,8,5,3,50,0.0,x5,5,,,1.8785558938980103,1.868773341178894,-0.009782552719116211,,0,,sin(2*pi*x0) + x1^2 + x2*x3 with x4~x0 and x5~x1 proxies,"[0, 1, 2, 3]","[(2, 3)]"
feature_path,KAN,correlated_proxy,2,512,2048,100,0.05,8,5,3,50,0.0,x33,33,,,1.8785558938980103,1.8656210899353027,-0.01293480396270752,,0,,sin(2*pi*x0) + x1^2 + x2*x3 with x4~x0 and x5~x1 proxies,"[0, 1, 2, 3]","[(2, 3)]"
feature_path,KAN,correlated_proxy,2,512,2048,100,0.05,8,5,3,50,0.0,x73,73,,,1.8785558938980103,1.9153896570205688,0.036833763122558594,,0,,sin(2*pi*x0) + x1^2 + x2*x3 with x4~x0 and x5~x1 proxies,"[0, 1, 2, 3]","[(2, 3)]"
feature_path,KAN,correlated_proxy,2,512,2048,100,0.05,8,5,3,50,0.0,x95,95,,,1.8785558938980103,1.8690063953399658,-0.009549498558044434,,0,,sin(2*pi*x0) + x1^2 + x2*x3 with x4~x0 and x5~x1 proxies,"[0, 1, 2, 3]","[(2, 3)]"
hidden_output_path,KAN,correlated_proxy,2,512,2048,100,0.05,8,5,3,50,0.0,h0->out,,0,,1.8785558938980103,1.8529343605041504,-0.025621533393859863,,,,sin(2*pi*x0) + x1^2 + x2*x3 with x4~x0 and x5~x1 proxies,"[0, 1, 2, 3]","[(2, 3)]"
hidden_output_path,KAN,correlated_proxy,2,512,2048,100,0.05,8,5,3,50,0.0,h1->out,,1,,1.8785558938980103,1.8794422149658203,0.0008863210678100586,,,,sin(2*pi*x0) + x1^2 + x2*x3 with x4~x0 and x5~x1 proxies,"[0, 1, 2, 3]","[(2, 3)]"
hidden_output_path,KAN,correlated_proxy,2,512,2048,100,0.05,8,5,3,50,0.0,h2->out,,2,,1.8785558938980103,1.7595138549804688,-0.1190420389175415,,,,sin(2*pi*x0) + x1^2 + x2*x3 with x4~x0 and x5~x1 proxies,"[0, 1, 2, 3]","[(2, 3)]"
hidden_output_path,KAN,correlated_proxy,2,512,2048,100,0.05,8,5,3,50,0.0,h3->out,,3,,1.8785558938980103,1.5459253787994385,-0.3326305150985718,,,,sin(2*pi*x0) + x1^2 + x2*x3 with x4~x0 and x5~x1 proxies,"[0, 1, 2, 3]","[(2, 3)]"
hidden_output_path,KAN,correlated_proxy,2,512,2048,100,0.05,8,5,3,50,0.0,h4->out,,4,,1.8785558938980103,1.853307843208313,-0.025248050689697266,,,,sin(2*pi*x0) + x1^2 + x2*x3 with x4~x0 and x5~x1 proxies,"[0, 1, 2, 3]","[(2, 3)]"
hidden_output_path,KAN,correlated_proxy,2,512,2048,100,0.05,8,5,3,50,0.0,h5->out,,5,,1.8785558938980103,1.8536205291748047,-0.024935364723205566,,,,sin(2*pi*x0) + x1^2 + x2*x3 with x4~x0 and x5~x1 proxies,"[0, 1, 2, 3]","[(2, 3)]"
hidden_output_path,KAN,correlated_proxy,2,512,2048,100,0.05,8,5,3,50,0.0,h6->out,,6,,1.8785558938980103,1.6817131042480469,-0.19684278964996338,,,,sin(2*pi*x0) + x1^2 + x2*x3 with x4~x0 and x5~x1 proxies,"[0, 1, 2, 3]","[(2, 3)]"
hidden_output_path,KAN,correlated_proxy,2,512,2048,100,0.05,8,5,3,50,0.0,h7->out,,7,,1.8785558938980103,1.6612889766693115,-0.21726691722869873,,,,sin(2*pi*x0) + x1^2 + x2*x3 with x4~x0 and x5~x1 proxies,"[0, 1, 2, 3]","[(2, 3)]"
single_edge,KAN,correlated_proxy,2,512,2048,100,0.05,8,5,3,50,0.0,x0->h0,0,0,,1.8785558938980103,1.8795921802520752,0.0010362863540649414,,1,,sin(2*pi*x0) + x1^2 + x2*x3 with x4~x0 and x5~x1 proxies,"[0, 1, 2, 3]","[(2, 3)]"
single_edge,KAN,correlated_proxy,2,512,2048,100,0.05,8,5,3,50,0.0,x0->h1,0,1,,1.8785558938980103,1.8802735805511475,0.001717686653137207,,1,,sin(2*pi*x0) + x1^2 + x2*x3 with x4~x0 and x5~x1 proxies,"[0, 1, 2, 3]","[(2, 3)]"
single_edge,KAN,correlated_proxy,2,512,2048,100,0.05,8,5,3,50,0.0,x0->h2,0,2,,1.8785558938980103,1.882582426071167,0.004026532173156738,,1,,sin(2*pi*x0) + x1^2 + x2*x3 with x4~x0 and x5~x1 proxies,"[0, 1, 2, 3]","[(2, 3)]"
single_edge,KAN,correlated_proxy,2,512,2048,100,0.05,8,5,3,50,0.0,x0->h3,0,3,,1.8785558938980103,1.8790640830993652,0.0005081892013549805,,1,,sin(2*pi*x0) + x1^2 + x2*x3 with x4~x0 and x5~x1 proxies,"[0, 1, 2, 3]","[(2, 3)]"
single_edge,KAN,correlated_proxy,2,512,2048,100,0.05,8,5,3,50,0.0,x0->h4,0,4,,1.8785558938980103,1.874864101409912,-0.0036917924880981445,,1,,sin(2*pi*x0) + x1^2 + x2*x3 with x4~x0 and x5~x1 proxies,"[0, 1, 2, 3]","[(2, 3)]"
single_edge,KAN,correlated_proxy,2,512,2048,100,0.05,8,5,3,50,0.0,x0->h5,0,5,,1.8785558938980103,1.88447904586792,0.005923151969909668,,1,,sin(2*pi*x0) + x1^2 + x2*x3 with x4~x0 and x5~x1 proxies,"[0, 1, 2, 3]","[(2, 3)]"
single_edge,KAN,correlated_proxy,2,512,2048,100,0.05,8,5,3,50,0.0,x0->h6,0,6,,1.8785558938980103,1.9424974918365479,0.0639415979385376,,1,,sin(2*pi*x0) + x1^2 + x2*x3 with x4~x0 and x5~x1 proxies,"[0, 1, 2, 3]","[(2, 3)]"
single_edge,KAN,correlated_proxy,2,512,2048,100,0.05,8,5,3,50,0.0,x0->h7,0,7,,1.8785558938980103,1.8759422302246094,-0.002613663673400879,,1,,sin(2*pi*x0) + x1^2 + x2*x3 with x4~x0 and x5~x1 proxies,"[0, 1, 2, 3]","[(2, 3)]"
single_edge,KAN,correlated_proxy,2,512,2048,100,0.05,8,5,3,50,0.0,x1->h0,1,0,,1.8785558938980103,1.87912917137146,0.000573277473449707,,1,,sin(2*pi*x0) + x1^2 + x2*x3 with x4~x0 and x5~x1 proxies,"[0, 1, 2, 3]","[(2, 3)]"
single_edge,KAN,correlated_proxy,2,512,2048,100,0.05,8,5,3,50,0.0,x1->h1,1,1,,1.8785558938980103,1.8783520460128784,-0.00020384788513183594,,1,,sin(2*pi*x0) + x1^2 + x2*x3 with x4~x0 and x5~x1 proxies,"[0, 1, 2, 3]","[(2, 3)]"
single_edge,KAN,correlated_proxy,2,512,2048,100,0.05,8,5,3,50,0.0,x1->h2,1,2,,1.8785558938980103,1.8787829875946045,0.00022709369659423828,,1,,sin(2*pi*x0) + x1^2 + x2*x3 with x4~x0 and x5~x1 proxies,"[0, 1, 2, 3]","[(2, 3)]"
single_edge,KAN,correlated_proxy,2,512,2048,100,0.05,8,5,3,50,0.0,x1->h3,1,3,,1.8785558938980103,1.879915475845337,0.0013595819473266602,,1,,sin(2*pi*x0) + x1^2 + x2*x3 with x4~x0 and x5~x1 proxies,"[0, 1, 2, 3]","[(2, 3)]"
single_edge,KAN,correlated_proxy,2,512,2048,100,0.05,8,5,3,50,0.0,x1->h4,1,4,,1.8785558938980103,1.8802071809768677,0.0016512870788574219,,1,,sin(2*pi*x0) + x1^2 + x2*x3 with x4~x0 and x5~x1 proxies,"[0, 1, 2, 3]","[(2, 3)]"
single_edge,KAN,correlated_proxy,2,512,2048,100,0.05,8,5,3,50,0.0,x1->h5,1,5,,1.8785558938980103,1.8790096044540405,0.00045371055603027344,,1,,sin(2*pi*x0) + x1^2 + x2*x3 with x4~x0 and x5~x1 proxies,"[0, 1, 2, 3]","[(2, 3)]"
single_edge,KAN,correlated_proxy,2,512,2048,100,0.05,8,5,3,50,0.0,x1->h6,1,6,,1.8785558938980103,1.8779078722000122,-0.0006480216979980469,,1,,sin(2*pi*x0) + x1^2 + x2*x3 with x4~x0 and x5~x1 proxies,"[0, 1, 2, 3]","[(2, 3)]"
single_edge,KAN,correlated_proxy,2,512,2048,100,0.05,8,5,3,50,0.0,x1->h7,1,7,,1.8785558938980103,1.8659783601760864,-0.012577533721923828,,1,,sin(2*pi*x0) + x1^2 + x2*x3 with x4~x0 and x5~x1 proxies,"[0, 1, 2, 3]","[(2, 3)]"
single_edge,KAN,correlated_proxy,2,512,2048,100,0.05,8,5,3,50,0.0,x2->h0,2,0,,1.8785558938980103,1.8745665550231934,-0.0039893388748168945,,1,,sin(2*pi*x0) + x1^2 + x2*x3 with x4~x0 and x5~x1 proxies,"[0, 1, 2, 3]","[(2, 3)]"
single_edge,KAN,correlated_proxy,2,512,2048,100,0.05,8,5,3,50,0.0,x2->h1,2,1,,1.8785558938980103,1.8785343170166016,-2.1576881408691406e-05,,1,,sin(2*pi*x0) + x1^2 + x2*x3 with x4~x0 and x5~x1 proxies,"[0, 1, 2, 3]","[(2, 3)]"
single_edge,KAN,correlated_proxy,2,512,2048,100,0.05,8,5,3,50,0.0,x2->h2,2,2,,1.8785558938980103,1.8763489723205566,-0.0022069215774536133,,1,,sin(2*pi*x0) + x1^2 + x2*x3 with x4~x0 and x5~x1 proxies,"[0, 1, 2, 3]","[(2, 3)]"
single_edge,KAN,correlated_proxy,2,512,2048,100,0.05,8,5,3,50,0.0,x2->h3,2,3,,1.8785558938980103,1.8896491527557373,0.01109325885772705,,1,,sin(2*pi*x0) + x1^2 + x2*x3 with x4~x0 and x5~x1 proxies,"[0, 1, 2, 3]","[(2, 3)]"
single_edge,KAN,correlated_proxy,2,512,2048,100,0.05,8,5,3,50,0.0,x2->h4,2,4,,1.8785558938980103,1.8782926797866821,-0.000263214111328125,,1,,sin(2*pi*x0) + x1^2 + x2*x3 with x4~x0 and x5~x1 proxies,"[0, 1, 2, 3]","[(2, 3)]"
single_edge,KAN,correlated_proxy,2,512,2048,100,0.05,8,5,3,50,0.0,x2->h5,2,5,,1.8785558938980103,1.8789364099502563,0.00038051605224609375,,1,,sin(2*pi*x0) + x1^2 + x2*x3 with x4~x0 and x5~x1 proxies,"[0, 1, 2, 3]","[(2, 3)]"
single_edge,KAN,correlated_proxy,2,512,2048,100,0.05,8,5,3,50,0.0,x2->h6,2,6,,1.8785558938980103,1.875382661819458,-0.003173232078552246,,1,,sin(2*pi*x0) + x1^2 + x2*x3 with x4~x0 and x5~x1 proxies,"[0, 1, 2, 3]","[(2, 3)]"
single_edge,KAN,correlated_proxy,2,512,2048,100,0.05,8,5,3,50,0.0,x2->h7,2,7,,1.8785558938980103,1.8893970251083374,0.010841131210327148,,1,,sin(2*pi*x0) + x1^2 + x2*x3 with x4~x0 and x5~x1 proxies,"[0, 1, 2, 3]","[(2, 3)]"
single_edge,KAN,correlated_proxy,2,512,2048,100,0.05,8,5,3,50,0.0,x3->h0,3,0,,1.8785558938980103,1.8779460191726685,-0.0006098747253417969,,1,,sin(2*pi*x0) + x1^2 + x2*x3 with x4~x0 and x5~x1 proxies,"[0, 1, 2, 3]","[(2, 3)]"
single_edge,KAN,correlated_proxy,2,512,2048,100,0.05,8,5,3,50,0.0,x3->h1,3,1,,1.8785558938980103,1.8783824443817139,-0.00017344951629638672,,1,,sin(2*pi*x0) + x1^2 + x2*x3 with x4~x0 and x5~x1 proxies,"[0, 1, 2, 3]","[(2, 3)]"
single_edge,KAN,correlated_proxy,2,512,2048,100,0.05,8,5,3,50,0.0,x3->h2,3,2,,1.8785558938980103,1.8785046339035034,-5.125999450683594e-05,,1,,sin(2*pi*x0) + x1^2 + x2*x3 with x4~x0 and x5~x1 proxies,"[0, 1, 2, 3]","[(2, 3)]"
single_edge,KAN,correlated_proxy,2,512,2048,100,0.05,8,5,3,50,0.0,x3->h3,3,3,,1.8785558938980103,1.8599743843078613,-0.018581509590148926,,1,,sin(2*pi*x0) + x1^2 + x2*x3 with x4~x0 and x5~x1 proxies,"[0, 1, 2, 3]","[(2, 3)]"
single_edge,KAN,correlated_proxy,2,512,2048,100,0.05,8,5,3,50,0.0,x3->h4,3,4,,1.8785558938980103,1.878605842590332,4.9948692321777344e-05,,1,,sin(2*pi*x0) + x1^2 + x2*x3 with x4~x0 and x5~x1 proxies,"[0, 1, 2, 3]","[(2, 3)]"
single_edge,KAN,correlated_proxy,2,512,2048,100,0.05,8,5,3,50,0.0,x3->h5,3,5,,1.8785558938980103,1.879035472869873,0.00047957897186279297,,1,,sin(2*pi*x0) + x1^2 + x2*x3 with x4~x0 and x5~x1 proxies,"[0, 1, 2, 3]","[(2, 3)]"
single_edge,KAN,correlated_proxy,2,512,2048,100,0.05,8,5,3,50,0.0,x3->h6,3,6,,1.8785558938980103,1.8762133121490479,-0.0023425817489624023,,1,,sin(2*pi*x0) + x1^2 + x2*x3 with x4~x0 and x5~x1 proxies,"[0, 1, 2, 3]","[(2, 3)]"
single_edge,KAN,correlated_proxy,2,512,2048,100,0.05,8,5,3,50,0.0,x3->h7,3,7,,1.8785558938980103,1.8140639066696167,-0.06449198722839355,,1,,sin(2*pi*x0) + x1^2 + x2*x3 with x4~x0 and x5~x1 proxies,"[0, 1, 2, 3]","[(2, 3)]"
single_edge,KAN,correlated_proxy,2,512,2048,100,0.05,8,5,3,50,0.0,x4->h0,4,0,,1.8785558938980103,1.8755431175231934,-0.0030127763748168945,,0,,sin(2*pi*x0) + x1^2 + x2*x3 with x4~x0 and x5~x1 proxies,"[0, 1, 2, 3]","[(2, 3)]"
single_edge,KAN,correlated_proxy,2,512,2048,100,0.05,8,5,3,50,0.0,x4->h1,4,1,,1.8785558938980103,1.8795220851898193,0.000966191291809082,,0,,sin(2*pi*x0) + x1^2 + x2*x3 with x4~x0 and x5~x1 proxies,"[0, 1, 2, 3]","[(2, 3)]"
single_edge,KAN,correlated_proxy,2,512,2048,100,0.05,8,5,3,50,0.0,x4->h2,4,2,,1.8785558938980103,1.8823496103286743,0.0037937164306640625,,0,,sin(2*pi*x0) + x1^2 + x2*x3 with x4~x0 and x5~x1 proxies,"[0, 1, 2, 3]","[(2, 3)]"
single_edge,KAN,correlated_proxy,2,512,2048,100,0.05,8,5,3,50,0.0,x4->h3,4,3,,1.8785558938980103,1.8898184299468994,0.01126253604888916,,0,,sin(2*pi*x0) + x1^2 + x2*x3 with x4~x0 and x5~x1 proxies,"[0, 1, 2, 3]","[(2, 3)]"
single_edge,KAN,correlated_proxy,2,512,2048,100,0.05,8,5,3,50,0.0,x4->h4,4,4,,1.8785558938980103,1.8749973773956299,-0.003558516502380371,,0,,sin(2*pi*x0) + x1^2 + x2*x3 with x4~x0 and x5~x1 proxies,"[0, 1, 2, 3]","[(2, 3)]"
single_edge,KAN,correlated_proxy,2,512,2048,100,0.05,8,5,3,50,0.0,x4->h5,4,5,,1.8785558938980103,1.8807451725006104,0.0021892786026000977,,0,,sin(2*pi*x0) + x1^2 + x2*x3 with x4~x0 and x5~x1 proxies,"[0, 1, 2, 3]","[(2, 3)]"
single_edge,KAN,correlated_proxy,2,512,2048,100,0.05,8,5,3,50,0.0,x4->h6,4,6,,1.8785558938980103,1.9445247650146484,0.06596887111663818,,0,,sin(2*pi*x0) + x1^2 + x2*x3 with x4~x0 and x5~x1 proxies,"[0, 1, 2, 3]","[(2, 3)]"
single_edge,KAN,correlated_proxy,2,512,2048,100,0.05,8,5,3,50,0.0,x4->h7,4,7,,1.8785558938980103,1.8718420267105103,-0.0067138671875,,0,,sin(2*pi*x0) + x1^2 + x2*x3 with x4~x0 and x5~x1 proxies,"[0, 1, 2, 3]","[(2, 3)]"
single_edge,KAN,correlated_proxy,2,512,2048,100,0.05,8,5,3,50,0.0,x5->h0,5,0,,1.8785558938980103,1.8790502548217773,0.0004943609237670898,,0,,sin(2*pi*x0) + x1^2 + x2*x3 with x4~x0 and x5~x1 proxies,"[0, 1, 2, 3]","[(2, 3)]"
single_edge,KAN,correlated_proxy,2,512,2048,100,0.05,8,5,3,50,0.0,x5->h1,5,1,,1.8785558938980103,1.8790161609649658,0.0004602670669555664,,0,,sin(2*pi*x0) + x1^2 + x2*x3 with x4~x0 and x5~x1 proxies,"[0, 1, 2, 3]","[(2, 3)]"
single_edge,KAN,correlated_proxy,2,512,2048,100,0.05,8,5,3,50,0.0,x5->h2,5,2,,1.8785558938980103,1.8810198307037354,0.0024639368057250977,,0,,sin(2*pi*x0) + x1^2 + x2*x3 with x4~x0 and x5~x1 proxies,"[0, 1, 2, 3]","[(2, 3)]"
single_edge,KAN,correlated_proxy,2,512,2048,100,0.05,8,5,3,50,0.0,x5->h3,5,3,,1.8785558938980103,1.8778324127197266,-0.0007234811782836914,,0,,sin(2*pi*x0) + x1^2 + x2*x3 with x4~x0 and x5~x1 proxies,"[0, 1, 2, 3]","[(2, 3)]"
single_edge,KAN,correlated_proxy,2,512,2048,100,0.05,8,5,3,50,0.0,x5->h4,5,4,,1.8785558938980103,1.8805208206176758,0.0019649267196655273,,0,,sin(2*pi*x0) + x1^2 + x2*x3 with x4~x0 and x5~x1 proxies,"[0, 1, 2, 3]","[(2, 3)]"
single_edge,KAN,correlated_proxy,2,512,2048,100,0.05,8,5,3,50,0.0,x5->h5,5,5,,1.8785558938980103,1.8787879943847656,0.0002321004867553711,,0,,sin(2*pi*x0) + x1^2 + x2*x3 with x4~x0 and x5~x1 proxies,"[0, 1, 2, 3]","[(2, 3)]"
single_edge,KAN,correlated_proxy,2,512,2048,100,0.05,8,5,3,50,0.0,x5->h6,5,6,,1.8785558938980103,1.878974199295044,0.0004183053970336914,,0,,sin(2*pi*x0) + x1^2 + x2*x3 with x4~x0 and x5~x1 proxies,"[0, 1, 2, 3]","[(2, 3)]"
single_edge,KAN,correlated_proxy,2,512,2048,100,0.05,8,5,3,50,0.0,x5->h7,5,7,,1.8785558938980103,1.863358736038208,-0.015197157859802246,,0,,sin(2*pi*x0) + x1^2 + x2*x3 with x4~x0 and x5~x1 proxies,"[0, 1, 2, 3]","[(2, 3)]"
single_edge,KAN,correlated_proxy,2,512,2048,100,0.05,8,5,3,50,0.0,x33->h0,33,0,,1.8785558938980103,1.8787264823913574,0.00017058849334716797,,0,,sin(2*pi*x0) + x1^2 + x2*x3 with x4~x0 and x5~x1 proxies,"[0, 1, 2, 3]","[(2, 3)]"
single_edge,KAN,correlated_proxy,2,512,2048,100,0.05,8,5,3,50,0.0,x33->h1,33,1,,1.8785558938980103,1.8792704343795776,0.0007145404815673828,,0,,sin(2*pi*x0) + x1^2 + x2*x3 with x4~x0 and x5~x1 proxies,"[0, 1, 2, 3]","[(2, 3)]"
single_edge,KAN,correlated_proxy,2,512,2048,100,0.05,8,5,3,50,0.0,x33->h2,33,2,,1.8785558938980103,1.8760051727294922,-0.0025507211685180664,,0,,sin(2*pi*x0) + x1^2 + x2*x3 with x4~x0 and x5~x1 proxies,"[0, 1, 2, 3]","[(2, 3)]"
single_edge,KAN,correlated_proxy,2,512,2048,100,0.05,8,5,3,50,0.0,x33->h3,33,3,,1.8785558938980103,1.8801175355911255,0.0015616416931152344,,0,,sin(2*pi*x0) + x1^2 + x2*x3 with x4~x0 and x5~x1 proxies,"[0, 1, 2, 3]","[(2, 3)]"
single_edge,KAN,correlated_proxy,2,512,2048,100,0.05,8,5,3,50,0.0,x33->h4,33,4,,1.8785558938980103,1.8781946897506714,-0.0003612041473388672,,0,,sin(2*pi*x0) + x1^2 + x2*x3 with x4~x0 and x5~x1 proxies,"[0, 1, 2, 3]","[(2, 3)]"
single_edge,KAN,correlated_proxy,2,512,2048,100,0.05,8,5,3,50,0.0,x33->h5,33,5,,1.8785558938980103,1.877116084098816,-0.001439809799194336,,0,,sin(2*pi*x0) + x1^2 + x2*x3 with x4~x0 and x5~x1 proxies,"[0, 1, 2, 3]","[(2, 3)]"
single_edge,KAN,correlated_proxy,2,512,2048,100,0.05,8,5,3,50,0.0,x33->h6,33,6,,1.8785558938980103,1.8836767673492432,0.00512087345123291,,0,,sin(2*pi*x0) + x1^2 + x2*x3 with x4~x0 and x5~x1 proxies,"[0, 1, 2, 3]","[(2, 3)]"
single_edge,KAN,correlated_proxy,2,512,2048,100,0.05,8,5,3,50,0.0,x33->h7,33,7,,1.8785558938980103,1.8634296655654907,-0.015126228332519531,,0,,sin(2*pi*x0) + x1^2 + x2*x3 with x4~x0 and x5~x1 proxies,"[0, 1, 2, 3]","[(2, 3)]"
single_edge,KAN,correlated_proxy,2,512,2048,100,0.05,8,5,3,50,0.0,x73->h0,73,0,,1.8785558938980103,1.8735538721084595,-0.005002021789550781,,0,,sin(2*pi*x0) + x1^2 + x2*x3 with x4~x0 and x5~x1 proxies,"[0, 1, 2, 3]","[(2, 3)]"
single_edge,KAN,correlated_proxy,2,512,2048,100,0.05,8,5,3,50,0.0,x73->h1,73,1,,1.8785558938980103,1.8773443698883057,-0.0012115240097045898,,0,,sin(2*pi*x0) + x1^2 + x2*x3 with x4~x0 and x5~x1 proxies,"[0, 1, 2, 3]","[(2, 3)]"
single_edge,KAN,correlated_proxy,2,512,2048,100,0.05,8,5,3,50,0.0,x73->h2,73,2,,1.8785558938980103,1.8706841468811035,-0.007871747016906738,,0,,sin(2*pi*x0) + x1^2 + x2*x3 with x4~x0 and x5~x1 proxies,"[0, 1, 2, 3]","[(2, 3)]"
single_edge,KAN,correlated_proxy,2,512,2048,100,0.05,8,5,3,50,0.0,x73->h3,73,3,,1.8785558938980103,1.8832292556762695,0.004673361778259277,,0,,sin(2*pi*x0) + x1^2 + x2*x3 with x4~x0 and x5~x1 proxies,"[0, 1, 2, 3]","[(2, 3)]"
single_edge,KAN,correlated_proxy,2,512,2048,100,0.05,8,5,3,50,0.0,x73->h4,73,4,,1.8785558938980103,1.877737283706665,-0.0008186101913452148,,0,,sin(2*pi*x0) + x1^2 + x2*x3 with x4~x0 and x5~x1 proxies,"[0, 1, 2, 3]","[(2, 3)]"
single_edge,KAN,correlated_proxy,2,512,2048,100,0.05,8,5,3,50,0.0,x73->h5,73,5,,1.8785558938980103,1.878577709197998,2.181529998779297e-05,,0,,sin(2*pi*x0) + x1^2 + x2*x3 with x4~x0 and x5~x1 proxies,"[0, 1, 2, 3]","[(2, 3)]"
single_edge,KAN,correlated_proxy,2,512,2048,100,0.05,8,5,3,50,0.0,x73->h6,73,6,,1.8785558938980103,1.8817689418792725,0.003213047981262207,,0,,sin(2*pi*x0) + x1^2 + x2*x3 with x4~x0 and x5~x1 proxies,"[0, 1, 2, 3]","[(2, 3)]"
single_edge,KAN,correlated_proxy,2,512,2048,100,0.05,8,5,3,50,0.0,x73->h7,73,7,,1.8785558938980103,1.9178824424743652,0.03932654857635498,,0,,sin(2*pi*x0) + x1^2 + x2*x3 with x4~x0 and x5~x1 proxies,"[0, 1, 2, 3]","[(2, 3)]"
single_edge,KAN,correlated_proxy,2,512,2048,100,0.05,8,5,3,50,0.0,x95->h0,95,0,,1.8785558938980103,1.8768826723098755,-0.0016732215881347656,,0,,sin(2*pi*x0) + x1^2 + x2*x3 with x4~x0 and x5~x1 proxies,"[0, 1, 2, 3]","[(2, 3)]"
single_edge,KAN,correlated_proxy,2,512,2048,100,0.05,8,5,3,50,0.0,x95->h1,95,1,,1.8785558938980103,1.8800477981567383,0.0014919042587280273,,0,,sin(2*pi*x0) + x1^2 + x2*x3 with x4~x0 and x5~x1 proxies,"[0, 1, 2, 3]","[(2, 3)]"
single_edge,KAN,correlated_proxy,2,512,2048,100,0.05,8,5,3,50,0.0,x95->h2,95,2,,1.8785558938980103,1.8788552284240723,0.0002993345260620117,,0,,sin(2*pi*x0) + x1^2 + x2*x3 with x4~x0 and x5~x1 proxies,"[0, 1, 2, 3]","[(2, 3)]"
single_edge,KAN,correlated_proxy,2,512,2048,100,0.05,8,5,3,50,0.0,x95->h3,95,3,,1.8785558938980103,1.8773233890533447,-0.0012325048446655273,,0,,sin(2*pi*x0) + x1^2 + x2*x3 with x4~x0 and x5~x1 proxies,"[0, 1, 2, 3]","[(2, 3)]"
single_edge,KAN,correlated_proxy,2,512,2048,100,0.05,8,5,3,50,0.0,x95->h4,95,4,,1.8785558938980103,1.8771090507507324,-0.001446843147277832,,0,,sin(2*pi*x0) + x1^2 + x2*x3 with x4~x0 and x5~x1 proxies,"[0, 1, 2, 3]","[(2, 3)]"
single_edge,KAN,correlated_proxy,2,512,2048,100,0.05,8,5,3,50,0.0,x95->h5,95,5,,1.8785558938980103,1.8785359859466553,-1.990795135498047e-05,,0,,sin(2*pi*x0) + x1^2 + x2*x3 with x4~x0 and x5~x1 proxies,"[0, 1, 2, 3]","[(2, 3)]"
single_edge,KAN,correlated_proxy,2,512,2048,100,0.05,8,5,3,50,0.0,x95->h6,95,6,,1.8785558938980103,1.872926950454712,-0.00562894344329834,,0,,sin(2*pi*x0) + x1^2 + x2*x3 with x4~x0 and x5~x1 proxies,"[0, 1, 2, 3]","[(2, 3)]"
single_edge,KAN,correlated_proxy,2,512,2048,100,0.05,8,5,3,50,0.0,x95->h7,95,7,,1.8785558938980103,1.865443229675293,-0.013112664222717285,,0,,sin(2*pi*x0) + x1^2 + x2*x3 with x4~x0 and x5~x1 proxies,"[0, 1, 2, 3]","[(2, 3)]"
feature_pair_path,KAN,correlated_proxy,2,512,2048,100,0.05,8,5,3,50,0.0,"x2,x3",,,"(2, 3)",1.8785558938980103,1.8110679388046265,-0.06748795509338379,0.002436399459838867,,1,sin(2*pi*x0) + x1^2 + x2*x3 with x4~x0 and x5~x1 proxies,"[0, 1, 2, 3]","[(2, 3)]"
shared_hidden_pair_edges,KAN,correlated_proxy,2,512,2048,100,0.05,8,5,3,50,0.0,"x2,x3->h0",,0,"(2, 3)",1.8785558938980103,1.8721847534179688,-0.006371140480041504,-0.0017719268798828125,,1,sin(2*pi*x0) + x1^2 + x2*x3 with x4~x0 and x5~x1 proxies,"[0, 1, 2, 3]","[(2, 3)]"
shared_hidden_pair_edges,KAN,correlated_proxy,2,512,2048,100,0.05,8,5,3,50,0.0,"x2,x3->h1",,1,"(2, 3)",1.8785558938980103,1.87835693359375,-0.0001989603042602539,-3.933906555175781e-06,,1,sin(2*pi*x0) + x1^2 + x2*x3 with x4~x0 and x5~x1 proxies,"[0, 1, 2, 3]","[(2, 3)]"
shared_hidden_pair_edges,KAN,correlated_proxy,2,512,2048,100,0.05,8,5,3,50,0.0,"x2,x3->h2",,2,"(2, 3)",1.8785558938980103,1.8767962455749512,-0.001759648323059082,0.0004985332489013672,,1,sin(2*pi*x0) + x1^2 + x2*x3 with x4~x0 and x5~x1 proxies,"[0, 1, 2, 3]","[(2, 3)]"
shared_hidden_pair_edges,KAN,correlated_proxy,2,512,2048,100,0.05,8,5,3,50,0.0,"x2,x3->h3",,3,"(2, 3)",1.8785558938980103,1.877625584602356,-0.0009303092956542969,0.006557941436767578,,1,sin(2*pi*x0) + x1^2 + x2*x3 with x4~x0 and x5~x1 proxies,"[0, 1, 2, 3]","[(2, 3)]"
shared_hidden_pair_edges,KAN,correlated_proxy,2,512,2048,100,0.05,8,5,3,50,0.0,"x2,x3->h4",,4,"(2, 3)",1.8785558938980103,1.8783483505249023,-0.00020754337310791016,5.7220458984375e-06,,1,sin(2*pi*x0) + x1^2 + x2*x3 with x4~x0 and x5~x1 proxies,"[0, 1, 2, 3]","[(2, 3)]"
shared_hidden_pair_edges,KAN,correlated_proxy,2,512,2048,100,0.05,8,5,3,50,0.0,"x2,x3->h5",,5,"(2, 3)",1.8785558938980103,1.8794093132019043,0.000853419303894043,-6.67572021484375e-06,,1,sin(2*pi*x0) + x1^2 + x2*x3 with x4~x0 and x5~x1 proxies,"[0, 1, 2, 3]","[(2, 3)]"
shared_hidden_pair_edges,KAN,correlated_proxy,2,512,2048,100,0.05,8,5,3,50,0.0,"x2,x3->h6",,6,"(2, 3)",1.8785558938980103,1.8727953433990479,-0.005760550498962402,-0.0002447366714477539,,1,sin(2*pi*x0) + x1^2 + x2*x3 with x4~x0 and x5~x1 proxies,"[0, 1, 2, 3]","[(2, 3)]"
shared_hidden_pair_edges,KAN,correlated_proxy,2,512,2048,100,0.05,8,5,3,50,0.0,"x2,x3->h7",,7,"(2, 3)",1.8785558938980103,1.8191845417022705,-0.059371352195739746,-0.00572049617767334,,1,sin(2*pi*x0) + x1^2 + x2*x3 with x4~x0 and x5~x1 proxies,"[0, 1, 2, 3]","[(2, 3)]"
feature_pair_path,KAN,correlated_proxy,2,512,2048,100,0.05,8,5,3,50,0.0,"x0,x4",,,"(0, 4)",1.8785558938980103,2.1216812133789062,0.243125319480896,0.07606792449951172,,0,sin(2*pi*x0) + x1^2 + x2*x3 with x4~x0 and x5~x1 proxies,"[0, 1, 2, 3]","[(2, 3)]"
shared_hidden_pair_edges,KAN,correlated_proxy,2,512,2048,100,0.05,8,5,3,50,0.0,"x0,x4->h0",,0,"(0, 4)",1.8785558938980103,1.9087790250778198,0.03022313117980957,0.03219962120056152,,0,sin(2*pi*x0) + x1^2 + x2*x3 with x4~x0 and x5~x1 proxies,"[0, 1, 2, 3]","[(2, 3)]"
shared_hidden_pair_edges,KAN,correlated_proxy,2,512,2048,100,0.05,8,5,3,50,0.0,"x0,x4->h1",,1,"(0, 4)",1.8785558938980103,1.8848508596420288,0.006294965744018555,0.0036110877990722656,,0,sin(2*pi*x0) + x1^2 + x2*x3 with x4~x0 and x5~x1 proxies,"[0, 1, 2, 3]","[(2, 3)]"
shared_hidden_pair_edges,KAN,correlated_proxy,2,512,2048,100,0.05,8,5,3,50,0.0,"x0,x4->h2",,2,"(0, 4)",1.8785558938980103,1.8849842548370361,0.006428360939025879,-0.0013918876647949219,,0,sin(2*pi*x0) + x1^2 + x2*x3 with x4~x0 and x5~x1 proxies,"[0, 1, 2, 3]","[(2, 3)]"
shared_hidden_pair_edges,KAN,correlated_proxy,2,512,2048,100,0.05,8,5,3,50,0.0,"x0,x4->h3",,3,"(0, 4)",1.8785558938980103,1.8915621042251587,0.013006210327148438,0.0012354850769042969,,0,sin(2*pi*x0) + x1^2 + x2*x3 with x4~x0 and x5~x1 proxies,"[0, 1, 2, 3]","[(2, 3)]"
shared_hidden_pair_edges,KAN,correlated_proxy,2,512,2048,100,0.05,8,5,3,50,0.0,"x0,x4->h4",,4,"(0, 4)",1.8785558938980103,1.8779103755950928,-0.0006455183029174805,0.006604790687561035,,0,sin(2*pi*x0) + x1^2 + x2*x3 with x4~x0 and x5~x1 proxies,"[0, 1, 2, 3]","[(2, 3)]"
shared_hidden_pair_edges,KAN,correlated_proxy,2,512,2048,100,0.05,8,5,3,50,0.0,"x0,x4->h5",,5,"(0, 4)",1.8785558938980103,1.8860223293304443,0.007466435432434082,-0.0006459951400756836,,0,sin(2*pi*x0) + x1^2 + x2*x3 with x4~x0 and x5~x1 proxies,"[0, 1, 2, 3]","[(2, 3)]"
shared_hidden_pair_edges,KAN,correlated_proxy,2,512,2048,100,0.05,8,5,3,50,0.0,"x0,x4->h6",,6,"(0, 4)",1.8785558938980103,2.0356931686401367,0.15713727474212646,0.027226805686950684,,0,sin(2*pi*x0) + x1^2 + x2*x3 with x4~x0 and x5~x1 proxies,"[0, 1, 2, 3]","[(2, 3)]"
shared_hidden_pair_edges,KAN,correlated_proxy,2,512,2048,100,0.05,8,5,3,50,0.0,"x0,x4->h7",,7,"(0, 4)",1.8785558938980103,1.8708393573760986,-0.007716536521911621,0.0016109943389892578,,0,sin(2*pi*x0) + x1^2 + x2*x3 with x4~x0 and x5~x1 proxies,"[0, 1, 2, 3]","[(2, 3)]"
feature_pair_path,KAN,correlated_proxy,2,512,2048,100,0.05,8,5,3,50,0.0,"x1,x5",,,"(1, 5)",1.8785558938980103,1.8700637817382812,-0.008492112159729004,0.010117292404174805,,0,sin(2*pi*x0) + x1^2 + x2*x3 with x4~x0 and x5~x1 proxies,"[0, 1, 2, 3]","[(2, 3)]"
shared_hidden_pair_edges,KAN,correlated_proxy,2,512,2048,100,0.05,8,5,3,50,0.0,"x1,x5->h0",,0,"(1, 5)",1.8785558938980103,1.8798375129699707,0.0012816190719604492,0.00021398067474365234,,0,sin(2*pi*x0) + x1^2 + x2*x3 with x4~x0 and x5~x1 proxies,"[0, 1, 2, 3]","[(2, 3)]"
shared_hidden_pair_edges,KAN,correlated_proxy,2,512,2048,100,0.05,8,5,3,50,0.0,"x1,x5->h1",,1,"(1, 5)",1.8785558938980103,1.8787784576416016,0.0002225637435913086,-3.3855438232421875e-05,,0,sin(2*pi*x0) + x1^2 + x2*x3 with x4~x0 and x5~x1 proxies,"[0, 1, 2, 3]","[(2, 3)]"
shared_hidden_pair_edges,KAN,correlated_proxy,2,512,2048,100,0.05,8,5,3,50,0.0,"x1,x5->h2",,2,"(1, 5)",1.8785558938980103,1.8813402652740479,0.0027843713760375977,9.334087371826172e-05,,0,sin(2*pi*x0) + x1^2 + x2*x3 with x4~x0 and x5~x1 proxies,"[0, 1, 2, 3]","[(2, 3)]"
shared_hidden_pair_edges,KAN,correlated_proxy,2,512,2048,100,0.05,8,5,3,50,0.0,"x1,x5->h3",,3,"(1, 5)",1.8785558938980103,1.8809629678726196,0.002407073974609375,0.0017709732055664062,,0,sin(2*pi*x0) + x1^2 + x2*x3 with x4~x0 and x5~x1 proxies,"[0, 1, 2, 3]","[(2, 3)]"
shared_hidden_pair_edges,KAN,correlated_proxy,2,512,2048,100,0.05,8,5,3,50,0.0,"x1,x5->h4",,4,"(1, 5)",1.8785558938980103,1.8821817636489868,0.0036258697509765625,9.655952453613281e-06,,0,sin(2*pi*x0) + x1^2 + x2*x3 with x4~x0 and x5~x1 proxies,"[0, 1, 2, 3]","[(2, 3)]"
shared_hidden_pair_edges,KAN,correlated_proxy,2,512,2048,100,0.05,8,5,3,50,0.0,"x1,x5->h5",,5,"(1, 5)",1.8785558938980103,1.8792386054992676,0.0006827116012573242,-3.0994415283203125e-06,,0,sin(2*pi*x0) + x1^2 + x2*x3 with x4~x0 and x5~x1 proxies,"[0, 1, 2, 3]","[(2, 3)]"
shared_hidden_pair_edges,KAN,correlated_proxy,2,512,2048,100,0.05,8,5,3,50,0.0,"x1,x5->h6",,6,"(1, 5)",1.8785558938980103,1.8783235549926758,-0.00023233890533447266,-2.6226043701171875e-06,,0,sin(2*pi*x0) + x1^2 + x2*x3 with x4~x0 and x5~x1 proxies,"[0, 1, 2, 3]","[(2, 3)]"
shared_hidden_pair_edges,KAN,correlated_proxy,2,512,2048,100,0.05,8,5,3,50,0.0,"x1,x5->h7",,7,"(1, 5)",1.8785558938980103,1.8586338758468628,-0.01992201805114746,0.007852673530578613,,0,sin(2*pi*x0) + x1^2 + x2*x3 with x4~x0 and x5~x1 proxies,"[0, 1, 2, 3]","[(2, 3)]"
feature_pair_path,KAN,correlated_proxy,2,512,2048,100,0.05,8,5,3,50,0.0,"x0,x1",,,"(0, 1)",1.8785558938980103,1.9602935314178467,0.08173763751983643,0.002839326858520508,,0,sin(2*pi*x0) + x1^2 + x2*x3 with x4~x0 and x5~x1 proxies,"[0, 1, 2, 3]","[(2, 3)]"
shared_hidden_pair_edges,KAN,correlated_proxy,2,512,2048,100,0.05,8,5,3,50,0.0,"x0,x1->h0",,0,"(0, 1)",1.8785558938980103,1.879546880722046,0.0009909868240356445,-0.0006185770034790039,,0,sin(2*pi*x0) + x1^2 + x2*x3 with x4~x0 and x5~x1 proxies,"[0, 1, 2, 3]","[(2, 3)]"
shared_hidden_pair_edges,KAN,correlated_proxy,2,512,2048,100,0.05,8,5,3,50,0.0,"x0,x1->h1",,1,"(0, 1)",1.8785558938980103,1.879810094833374,0.0012542009353637695,-0.00025963783264160156,,0,sin(2*pi*x0) + x1^2 + x2*x3 with x4~x0 and x5~x1 proxies,"[0, 1, 2, 3]","[(2, 3)]"
shared_hidden_pair_edges,KAN,correlated_proxy,2,512,2048,100,0.05,8,5,3,50,0.0,"x0,x1->h2",,2,"(0, 1)",1.8785558938980103,1.8830581903457642,0.004502296447753906,0.0002486705780029297,,0,sin(2*pi*x0) + x1^2 + x2*x3 with x4~x0 and x5~x1 proxies,"[0, 1, 2, 3]","[(2, 3)]"
shared_hidden_pair_edges,KAN,correlated_proxy,2,512,2048,100,0.05,8,5,3,50,0.0,"x0,x1->h3",,3,"(0, 1)",1.8785558938980103,1.8803355693817139,0.0017796754837036133,-8.809566497802734e-05,,0,sin(2*pi*x0) + x1^2 + x2*x3 with x4~x0 and x5~x1 proxies,"[0, 1, 2, 3]","[(2, 3)]"
shared_hidden_pair_edges,KAN,correlated_proxy,2,512,2048,100,0.05,8,5,3,50,0.0,"x0,x1->h4",,4,"(0, 1)",1.8785558938980103,1.8760303258895874,-0.0025255680084228516,-0.0004850625991821289,,0,sin(2*pi*x0) + x1^2 + x2*x3 with x4~x0 and x5~x1 proxies,"[0, 1, 2, 3]","[(2, 3)]"
shared_hidden_pair_edges,KAN,correlated_proxy,2,512,2048,100,0.05,8,5,3,50,0.0,"x0,x1->h5",,5,"(0, 1)",1.8785558938980103,1.8850191831588745,0.006463289260864258,8.64267349243164e-05,,0,sin(2*pi*x0) + x1^2 + x2*x3 with x4~x0 and x5~x1 proxies,"[0, 1, 2, 3]","[(2, 3)]"
shared_hidden_pair_edges,KAN,correlated_proxy,2,512,2048,100,0.05,8,5,3,50,0.0,"x0,x1->h6",,6,"(0, 1)",1.8785558938980103,1.942117691040039,0.06356179714202881,0.0002682209014892578,,0,sin(2*pi*x0) + x1^2 + x2*x3 with x4~x0 and x5~x1 proxies,"[0, 1, 2, 3]","[(2, 3)]"
shared_hidden_pair_edges,KAN,correlated_proxy,2,512,2048,100,0.05,8,5,3,50,0.0,"x0,x1->h7",,7,"(0, 1)",1.8785558938980103,1.8643670082092285,-0.014188885688781738,0.0010023117065429688,,0,sin(2*pi*x0) + x1^2 + x2*x3 with x4~x0 and x5~x1 proxies,"[0, 1, 2, 3]","[(2, 3)]"
