dataset,function,formula,c,noise,samples,test_samples,dimension,outer_seed,method,R,top_m,width_hidden,grid,lamb,probe_steps,num_ok_probes,probe_test_mse_mean,probe_test_mse_min,selected_screen_features,top_selection_variables,runtime_sec,screen_contains_all_true_vars,screen_true_var_recall,screen_true_var_f1,screen_contains_all_interaction_endpoints,screen_interaction_endpoint_recall,screen_contains_true_interactions,residual_top1_pair,residual_top_pair,residual_true_pair_rank_worst,residual_true_pair_score_mean,residual_max_false_pair_score
breast_cancer,semisynthetic_real_covariates,sin(pi*x0)+x1^2+c*x2*x3 on tanh-standardized real covariates,0.1,0.05,128,512,30,2000,feature_stability_var,20,4,16,5,0.001,75,20,0.013712790422141552,0.007991638034582138,"[0, 1, 2, 3]","[0, 1, 3, 2, 27, 4, 15, 7, 11, 28, 25, 21]",349.75493121147156,1,1.0,1.0,1,1.0,1,0,"[1, 21]",340.0,0.012253944762051105,0.30197250843048096
breast_cancer,semisynthetic_real_covariates,sin(pi*x0)+x1^2+c*x2*x3 on tanh-standardized real covariates,0.1,0.05,128,512,30,2000,feature_edge_hybrid,20,4,16,5,0.001,75,20,0.013712790422141552,0.007991638034582138,"[0, 1, 2, 3]","[0, 1, 3, 2, 27, 4, 15, 7, 11, 28, 25, 21]",349.75543689727783,1,1.0,1.0,1,1.0,1,0,"[1, 21]",340.0,0.012253944762051105,0.30197250843048096
breast_cancer,semisynthetic_real_covariates,sin(pi*x0)+x1^2+c*x2*x3 on tanh-standardized real covariates,0.1,0.05,128,512,30,2001,feature_stability_var,20,4,16,5,0.001,75,20,0.016910840175114572,0.006104523316025734,"[0, 1, 2, 3]","[0, 1, 3, 2, 21, 11, 18, 8, 28, 24, 7, 4]",348.51176857948303,1,1.0,1.0,1,1.0,1,0,"[1, 21]",239.0,0.03186234086751938,0.2717304229736328
breast_cancer,semisynthetic_real_covariates,sin(pi*x0)+x1^2+c*x2*x3 on tanh-standardized real covariates,0.1,0.05,128,512,30,2001,feature_edge_hybrid,20,4,16,5,0.001,75,20,0.016910840175114572,0.006104523316025734,"[0, 1, 2, 3]","[0, 1, 3, 2, 11, 21, 18, 8, 7, 24, 4, 29]",348.5122661590576,1,1.0,1.0,1,1.0,1,0,"[1, 21]",239.0,0.03186234086751938,0.2717304229736328
breast_cancer,semisynthetic_real_covariates,sin(pi*x0)+x1^2+c*x2*x3 on tanh-standardized real covariates,0.1,0.05,128,512,30,2002,feature_stability_var,20,4,16,5,0.001,75,20,0.014928422356024384,0.01055324450135231,"[0, 1, 2, 3]","[0, 1, 3, 2, 20, 18, 17, 4, 9, 19, 28, 27]",358.0721983909607,1,1.0,1.0,1,1.0,1,0,"[1, 21]",429.0,0.0007143488037399948,0.2529012858867645
breast_cancer,semisynthetic_real_covariates,sin(pi*x0)+x1^2+c*x2*x3 on tanh-standardized real covariates,0.1,0.05,128,512,30,2002,feature_edge_hybrid,20,4,16,5,0.001,75,20,0.014928422356024384,0.01055324450135231,"[0, 1, 2, 3]","[0, 1, 3, 2, 20, 17, 18, 4, 8, 19, 28, 24]",358.0726866722107,1,1.0,1.0,1,1.0,1,0,"[1, 21]",429.0,0.0007143488037399948,0.2529012858867645
breast_cancer,semisynthetic_real_covariates,sin(pi*x0)+x1^2+c*x2*x3 on tanh-standardized real covariates,0.1,0.05,128,512,30,2003,feature_stability_var,20,4,16,5,0.001,75,20,0.021764253010042013,0.006333623081445694,"[0, 1, 2, 3]","[0, 1, 2, 3, 21, 24, 28, 26, 9, 13, 8, 7]",346.9063448905945,1,1.0,1.0,1,1.0,1,0,"[1, 21]",363.0,0.014476691372692585,0.31519725918769836
breast_cancer,semisynthetic_real_covariates,sin(pi*x0)+x1^2+c*x2*x3 on tanh-standardized real covariates,0.1,0.05,128,512,30,2003,feature_edge_hybrid,20,4,16,5,0.001,75,20,0.021764253010042013,0.006333623081445694,"[0, 1, 2, 3]","[0, 1, 2, 3, 21, 24, 28, 26, 9, 8, 13, 7]",346.9068148136139,1,1.0,1.0,1,1.0,1,0,"[1, 21]",363.0,0.014476691372692585,0.31519725918769836
breast_cancer,semisynthetic_real_covariates,sin(pi*x0)+x1^2+c*x2*x3 on tanh-standardized real covariates,0.1,0.05,128,512,30,2004,feature_stability_var,20,4,16,5,0.001,75,20,0.02109645032323897,0.005869640037417412,"[0, 1, 2, 3]","[0, 1, 3, 2, 18, 21, 20, 24, 11, 9, 17, 14]",334.5930836200714,1,1.0,1.0,1,1.0,1,0,"[1, 21]",267.0,0.025749539956450462,0.3000287115573883
breast_cancer,semisynthetic_real_covariates,sin(pi*x0)+x1^2+c*x2*x3 on tanh-standardized real covariates,0.1,0.05,128,512,30,2004,feature_edge_hybrid,20,4,16,5,0.001,75,20,0.02109645032323897,0.005869640037417412,"[0, 1, 2, 3]","[0, 1, 3, 2, 18, 21, 20, 24, 11, 9, 17, 7]",334.5935254096985,1,1.0,1.0,1,1.0,1,0,"[1, 21]",267.0,0.025749539956450462,0.3000287115573883
breast_cancer,semisynthetic_real_covariates,sin(pi*x0)+x1^2+c*x2*x3 on tanh-standardized real covariates,0.1,0.05,128,512,30,2005,feature_stability_var,20,4,16,5,0.001,75,20,0.01485217057634145,0.005987456068396568,"[0, 1, 2, 3]","[0, 1, 2, 3, 17, 8, 24, 21, 6, 11, 18, 4]",361.026460647583,1,1.0,1.0,1,1.0,1,0,"[21, 24]",278.0,0.024681303650140762,0.30890193581581116
breast_cancer,semisynthetic_real_covariates,sin(pi*x0)+x1^2+c*x2*x3 on tanh-standardized real covariates,0.1,0.05,128,512,30,2005,feature_edge_hybrid,20,4,16,5,0.001,75,20,0.01485217057634145,0.005987456068396568,"[0, 1, 2, 3]","[0, 1, 2, 3, 17, 8, 20, 24, 18, 11, 4, 7]",361.02691316604614,1,1.0,1.0,1,1.0,1,0,"[21, 24]",278.0,0.024681303650140762,0.30890193581581116
breast_cancer,semisynthetic_real_covariates,sin(pi*x0)+x1^2+c*x2*x3 on tanh-standardized real covariates,0.1,0.05,128,512,30,2006,feature_stability_var,20,4,16,5,0.001,75,20,0.01592800880316645,0.005262153223156929,"[0, 1, 2, 3]","[0, 1, 2, 3, 21, 4, 20, 24, 17, 14, 18, 29]",364.44746589660645,1,1.0,1.0,1,1.0,1,0,"[1, 21]",345.0,0.013265049085021019,0.26532068848609924
breast_cancer,semisynthetic_real_covariates,sin(pi*x0)+x1^2+c*x2*x3 on tanh-standardized real covariates,0.1,0.05,128,512,30,2006,feature_edge_hybrid,20,4,16,5,0.001,75,20,0.01592800880316645,0.005262153223156929,"[0, 1, 2, 3]","[0, 1, 2, 3, 20, 4, 9, 21, 18, 24, 14, 17]",364.4479007720947,1,1.0,1.0,1,1.0,1,0,"[1, 21]",345.0,0.013265049085021019,0.26532068848609924
breast_cancer,semisynthetic_real_covariates,sin(pi*x0)+x1^2+c*x2*x3 on tanh-standardized real covariates,0.1,0.05,128,512,30,2007,feature_stability_var,20,4,16,5,0.001,75,20,0.04873134735971689,0.006317418999969959,"[0, 1, 2, 3]","[0, 1, 3, 2, 21, 14, 22, 10, 11, 23, 27, 20]",390.6361882686615,1,1.0,1.0,1,1.0,1,0,"[1, 9]",374.0,0.008836474269628525,0.29486340284347534
breast_cancer,semisynthetic_real_covariates,sin(pi*x0)+x1^2+c*x2*x3 on tanh-standardized real covariates,0.1,0.05,128,512,30,2007,feature_edge_hybrid,20,4,16,5,0.001,75,20,0.04873134735971689,0.006317418999969959,"[0, 1, 2, 3]","[0, 1, 2, 3, 21, 22, 14, 23, 10, 11, 7, 20]",390.6366276741028,1,1.0,1.0,1,1.0,1,0,"[1, 9]",374.0,0.008836474269628525,0.29486340284347534
breast_cancer,semisynthetic_real_covariates,sin(pi*x0)+x1^2+c*x2*x3 on tanh-standardized real covariates,0.1,0.05,128,512,30,2008,feature_stability_var,20,4,16,5,0.001,75,20,0.01031067087315023,0.00691224867478013,"[0, 1, 2, 3]","[0, 1, 3, 2, 21, 14, 9, 8, 26, 27, 18, 28]",370.7935137748718,1,1.0,1.0,1,1.0,1,0,"[1, 21]",279.0,0.03248940035700798,0.25856122374534607
breast_cancer,semisynthetic_real_covariates,sin(pi*x0)+x1^2+c*x2*x3 on tanh-standardized real covariates,0.1,0.05,128,512,30,2008,feature_edge_hybrid,20,4,16,5,0.001,75,20,0.01031067087315023,0.00691224867478013,"[0, 1, 2, 3]","[0, 1, 3, 2, 21, 14, 9, 8, 27, 29, 18, 15]",370.7939615249634,1,1.0,1.0,1,1.0,1,0,"[1, 21]",279.0,0.03248940035700798,0.25856122374534607
breast_cancer,semisynthetic_real_covariates,sin(pi*x0)+x1^2+c*x2*x3 on tanh-standardized real covariates,0.1,0.05,128,512,30,2009,feature_stability_var,20,4,16,5,0.001,75,20,0.02260440490208566,0.006741829216480255,"[0, 1, 2, 3]","[0, 1, 2, 3, 9, 8, 18, 28, 24, 4, 14, 5]",353.49561762809753,1,1.0,1.0,1,1.0,1,0,"[1, 4]",371.0,0.01274341531097889,0.2687254250049591
breast_cancer,semisynthetic_real_covariates,sin(pi*x0)+x1^2+c*x2*x3 on tanh-standardized real covariates,0.1,0.05,128,512,30,2009,feature_edge_hybrid,20,4,16,5,0.001,75,20,0.02260440490208566,0.006741829216480255,"[0, 1, 2, 3]","[0, 1, 2, 3, 9, 8, 4, 18, 24, 28, 14, 22]",353.4960513114929,1,1.0,1.0,1,1.0,1,0,"[1, 4]",371.0,0.01274341531097889,0.2687254250049591
breast_cancer,semisynthetic_real_covariates,sin(pi*x0)+x1^2+c*x2*x3 on tanh-standardized real covariates,0.1,0.05,256,512,30,2000,feature_stability_var,20,4,16,5,0.001,75,20,0.008378598839044571,0.005333729553967714,"[0, 1, 2, 3]","[0, 1, 2, 3, 4, 27, 29, 26, 11, 7, 8, 24]",357.90451169013977,1,1.0,1.0,1,1.0,1,0,"[1, 21]",418.0,0.001362587558105588,0.1910233497619629
breast_cancer,semisynthetic_real_covariates,sin(pi*x0)+x1^2+c*x2*x3 on tanh-standardized real covariates,0.1,0.05,256,512,30,2000,feature_edge_hybrid,20,4,16,5,0.001,75,20,0.008378598839044571,0.005333729553967714,"[0, 1, 2, 3]","[0, 1, 2, 3, 29, 4, 27, 11, 26, 8, 7, 28]",357.9049437046051,1,1.0,1.0,1,1.0,1,0,"[1, 21]",418.0,0.001362587558105588,0.1910233497619629
breast_cancer,semisynthetic_real_covariates,sin(pi*x0)+x1^2+c*x2*x3 on tanh-standardized real covariates,0.1,0.05,256,512,30,2001,feature_stability_var,20,4,16,5,0.001,75,20,0.00784311096649617,0.0033711912110447884,"[0, 1, 2, 3]","[0, 1, 3, 2, 26, 24, 27, 17, 8, 14, 21, 9]",366.6555049419403,1,1.0,1.0,1,1.0,1,0,"[1, 21]",375.0,0.00845014676451683,0.19191066920757294
breast_cancer,semisynthetic_real_covariates,sin(pi*x0)+x1^2+c*x2*x3 on tanh-standardized real covariates,0.1,0.05,256,512,30,2001,feature_edge_hybrid,20,4,16,5,0.001,75,20,0.00784311096649617,0.0033711912110447884,"[0, 1, 2, 3]","[0, 1, 3, 2, 26, 24, 17, 14, 27, 8, 9, 6]",366.65595507621765,1,1.0,1.0,1,1.0,1,0,"[1, 21]",375.0,0.00845014676451683,0.19191066920757294
breast_cancer,semisynthetic_real_covariates,sin(pi*x0)+x1^2+c*x2*x3 on tanh-standardized real covariates,0.1,0.05,256,512,30,2002,feature_stability_var,20,4,16,5,0.001,75,20,0.007165399519726634,0.004692080896347761,"[0, 1, 2, 3]","[0, 1, 3, 2, 26, 7, 15, 28, 16, 11, 5, 24]",383.9828908443451,1,1.0,1.0,1,1.0,1,0,"[1, 21]",414.0,0.002928003203123808,0.2099923938512802
breast_cancer,semisynthetic_real_covariates,sin(pi*x0)+x1^2+c*x2*x3 on tanh-standardized real covariates,0.1,0.05,256,512,30,2002,feature_edge_hybrid,20,4,16,5,0.001,75,20,0.007165399519726634,0.004692080896347761,"[0, 1, 2, 3]","[0, 1, 3, 2, 26, 28, 15, 17, 19, 7, 5, 16]",383.9833257198334,1,1.0,1.0,1,1.0,1,0,"[1, 21]",414.0,0.002928003203123808,0.2099923938512802
breast_cancer,semisynthetic_real_covariates,sin(pi*x0)+x1^2+c*x2*x3 on tanh-standardized real covariates,0.1,0.05,256,512,30,2003,feature_stability_var,20,4,16,5,0.001,75,20,0.006740729953162372,0.005260756704956293,"[0, 1, 2, 3]","[0, 1, 3, 2, 29, 4, 8, 24, 7, 9, 17, 18]",361.5849325656891,1,1.0,1.0,1,1.0,1,0,"[21, 24]",422.0,0.0014550358755514026,0.2286902666091919
breast_cancer,semisynthetic_real_covariates,sin(pi*x0)+x1^2+c*x2*x3 on tanh-standardized real covariates,0.1,0.05,256,512,30,2003,feature_edge_hybrid,20,4,16,5,0.001,75,20,0.006740729953162372,0.005260756704956293,"[0, 1, 2, 3]","[0, 1, 3, 2, 29, 4, 24, 7, 8, 9, 17, 14]",361.58537888526917,1,1.0,1.0,1,1.0,1,0,"[21, 24]",422.0,0.0014550358755514026,0.2286902666091919
breast_cancer,semisynthetic_real_covariates,sin(pi*x0)+x1^2+c*x2*x3 on tanh-standardized real covariates,0.1,0.05,256,512,30,2004,feature_stability_var,20,4,16,5,0.001,75,20,0.004804978857282549,0.00386389740742743,"[0, 1, 2, 3]","[0, 1, 3, 2, 5, 21, 27, 26, 14, 17, 24, 18]",351.696818113327,1,1.0,1.0,1,1.0,1,0,"[1, 21]",348.0,0.0133200129494071,0.1854100525379181
breast_cancer,semisynthetic_real_covariates,sin(pi*x0)+x1^2+c*x2*x3 on tanh-standardized real covariates,0.1,0.05,256,512,30,2004,feature_edge_hybrid,20,4,16,5,0.001,75,20,0.004804978857282549,0.00386389740742743,"[0, 1, 2, 3]","[0, 1, 3, 2, 5, 21, 27, 14, 17, 26, 24, 10]",351.6972703933716,1,1.0,1.0,1,1.0,1,0,"[1, 21]",348.0,0.0133200129494071,0.1854100525379181
breast_cancer,semisynthetic_real_covariates,sin(pi*x0)+x1^2+c*x2*x3 on tanh-standardized real covariates,0.1,0.05,256,512,30,2005,feature_stability_var,20,4,16,5,0.001,75,20,0.008668188098818063,0.004448738880455494,"[0, 1, 2, 3]","[0, 1, 3, 2, 7, 4, 28, 8, 5, 16, 27, 24]",352.12152791023254,1,1.0,1.0,1,1.0,1,0,"[1, 4]",333.0,0.01589147001504898,0.2530437707901001
breast_cancer,semisynthetic_real_covariates,sin(pi*x0)+x1^2+c*x2*x3 on tanh-standardized real covariates,0.1,0.05,256,512,30,2005,feature_edge_hybrid,20,4,16,5,0.001,75,20,0.008668188098818063,0.004448738880455494,"[0, 1, 2, 3]","[0, 1, 3, 2, 7, 4, 28, 16, 25, 27, 5, 8]",352.12199902534485,1,1.0,1.0,1,1.0,1,0,"[1, 4]",333.0,0.01589147001504898,0.2530437707901001
breast_cancer,semisynthetic_real_covariates,sin(pi*x0)+x1^2+c*x2*x3 on tanh-standardized real covariates,0.1,0.05,256,512,30,2006,feature_stability_var,20,4,16,5,0.001,75,20,0.005826334282755852,0.004596363753080368,"[0, 1, 2, 3]","[0, 1, 2, 3, 16, 18, 4, 8, 27, 15, 14, 21]",363.24535393714905,1,1.0,1.0,1,1.0,1,0,"[21, 26]",375.0,0.011070859618484974,0.24766653776168823
breast_cancer,semisynthetic_real_covariates,sin(pi*x0)+x1^2+c*x2*x3 on tanh-standardized real covariates,0.1,0.05,256,512,30,2006,feature_edge_hybrid,20,4,16,5,0.001,75,20,0.005826334282755852,0.004596363753080368,"[0, 1, 2, 3]","[0, 1, 2, 3, 16, 18, 15, 17, 8, 9, 27, 4]",363.24579405784607,1,1.0,1.0,1,1.0,1,0,"[21, 26]",375.0,0.011070859618484974,0.24766653776168823
breast_cancer,semisynthetic_real_covariates,sin(pi*x0)+x1^2+c*x2*x3 on tanh-standardized real covariates,0.1,0.05,256,512,30,2007,feature_stability_var,20,4,16,5,0.001,75,20,0.006803447823040187,0.004520365037024021,"[0, 1, 2, 3]","[0, 1, 3, 2, 27, 9, 18, 24, 11, 8, 28, 26]",391.0553357601166,1,1.0,1.0,1,1.0,1,0,"[18, 21]",387.0,0.007700871676206589,0.18403282761573792
breast_cancer,semisynthetic_real_covariates,sin(pi*x0)+x1^2+c*x2*x3 on tanh-standardized real covariates,0.1,0.05,256,512,30,2007,feature_edge_hybrid,20,4,16,5,0.001,75,20,0.006803447823040187,0.004520365037024021,"[0, 1, 2, 3]","[0, 1, 3, 2, 27, 9, 18, 24, 11, 8, 28, 7]",391.05581164360046,1,1.0,1.0,1,1.0,1,0,"[18, 21]",387.0,0.007700871676206589,0.18403282761573792
breast_cancer,semisynthetic_real_covariates,sin(pi*x0)+x1^2+c*x2*x3 on tanh-standardized real covariates,0.1,0.05,256,512,30,2008,feature_stability_var,20,4,16,5,0.001,75,20,0.006231195665895939,0.004580817185342312,"[0, 1, 2, 3]","[0, 1, 3, 2, 4, 26, 24, 21, 18, 11, 5, 8]",399.5961513519287,1,1.0,1.0,1,1.0,1,0,"[10, 28]",313.0,0.021784771233797073,0.23115666210651398
breast_cancer,semisynthetic_real_covariates,sin(pi*x0)+x1^2+c*x2*x3 on tanh-standardized real covariates,0.1,0.05,256,512,30,2008,feature_edge_hybrid,20,4,16,5,0.001,75,20,0.006231195665895939,0.004580817185342312,"[0, 1, 2, 3]","[0, 1, 3, 2, 4, 26, 24, 21, 18, 5, 8, 11]",399.5966217517853,1,1.0,1.0,1,1.0,1,0,"[10, 28]",313.0,0.021784771233797073,0.23115666210651398
breast_cancer,semisynthetic_real_covariates,sin(pi*x0)+x1^2+c*x2*x3 on tanh-standardized real covariates,0.1,0.05,256,512,30,2009,feature_stability_var,20,4,16,5,0.001,75,20,0.006633741408586502,0.004915674217045307,"[0, 1, 2, 3]","[0, 1, 3, 2, 19, 17, 24, 27, 4, 9, 11, 18]",388.7995488643646,1,1.0,1.0,1,1.0,1,0,"[1, 24]",422.0,0.002561811124905944,0.25638142228126526
breast_cancer,semisynthetic_real_covariates,sin(pi*x0)+x1^2+c*x2*x3 on tanh-standardized real covariates,0.1,0.05,256,512,30,2009,feature_edge_hybrid,20,4,16,5,0.001,75,20,0.006633741408586502,0.004915674217045307,"[0, 1, 2, 3]","[0, 1, 3, 2, 17, 24, 19, 27, 11, 9, 4, 28]",388.80001616477966,1,1.0,1.0,1,1.0,1,0,"[1, 24]",422.0,0.002561811124905944,0.25638142228126526
breast_cancer,semisynthetic_real_covariates,sin(pi*x0)+x1^2+c*x2*x3 on tanh-standardized real covariates,0.1,0.05,384,512,30,2000,feature_stability_var,20,4,16,5,0.001,75,20,0.004578556341584772,0.0034877387806773186,"[0, 1, 2, 3]","[0, 1, 3, 2, 8, 5, 25, 4, 24, 29, 6, 28]",329.82698917388916,1,1.0,1.0,1,1.0,1,0,"[4, 21]",401.0,0.003344840370118618,0.17985090613365173
breast_cancer,semisynthetic_real_covariates,sin(pi*x0)+x1^2+c*x2*x3 on tanh-standardized real covariates,0.1,0.05,384,512,30,2000,feature_edge_hybrid,20,4,16,5,0.001,75,20,0.004578556341584772,0.0034877387806773186,"[0, 1, 2, 3]","[0, 1, 3, 2, 8, 25, 5, 29, 4, 24, 17, 6]",329.827431678772,1,1.0,1.0,1,1.0,1,0,"[4, 21]",401.0,0.003344840370118618,0.17985090613365173
breast_cancer,semisynthetic_real_covariates,sin(pi*x0)+x1^2+c*x2*x3 on tanh-standardized real covariates,0.1,0.05,384,512,30,2001,feature_stability_var,20,4,16,5,0.001,75,20,0.004425864783115685,0.003687818069010973,"[0, 1, 2, 3]","[0, 1, 3, 2, 5, 12, 26, 25, 28, 15, 27, 24]",340.5316596031189,1,1.0,1.0,1,1.0,1,0,"[1, 21]",369.0,0.008613991551101208,0.1440838873386383
breast_cancer,semisynthetic_real_covariates,sin(pi*x0)+x1^2+c*x2*x3 on tanh-standardized real covariates,0.1,0.05,384,512,30,2001,feature_edge_hybrid,20,4,16,5,0.001,75,20,0.004425864783115685,0.003687818069010973,"[0, 1, 2, 3]","[0, 1, 3, 2, 5, 12, 25, 26, 28, 27, 15, 24]",340.5321316719055,1,1.0,1.0,1,1.0,1,0,"[1, 21]",369.0,0.008613991551101208,0.1440838873386383
breast_cancer,semisynthetic_real_covariates,sin(pi*x0)+x1^2+c*x2*x3 on tanh-standardized real covariates,0.1,0.05,384,512,30,2002,feature_stability_var,20,4,16,5,0.001,75,20,0.005542870587669313,0.004361204337328672,"[0, 1, 2, 3]","[0, 1, 2, 3, 27, 19, 8, 15, 7, 17, 4, 28]",327.38877034187317,1,1.0,1.0,1,1.0,1,0,"[1, 24]",421.0,0.001418674481101334,0.1351243555545807
breast_cancer,semisynthetic_real_covariates,sin(pi*x0)+x1^2+c*x2*x3 on tanh-standardized real covariates,0.1,0.05,384,512,30,2002,feature_edge_hybrid,20,4,16,5,0.001,75,20,0.005542870587669313,0.004361204337328672,"[0, 1, 2, 3]","[0, 1, 2, 3, 27, 19, 8, 15, 7, 11, 17, 28]",327.38919949531555,1,1.0,1.0,1,1.0,1,0,"[1, 24]",421.0,0.001418674481101334,0.1351243555545807
breast_cancer,semisynthetic_real_covariates,sin(pi*x0)+x1^2+c*x2*x3 on tanh-standardized real covariates,0.1,0.05,384,512,30,2003,feature_stability_var,20,4,16,5,0.001,75,20,0.004589080077130348,0.003803091822192073,"[0, 1, 2, 3]","[0, 1, 3, 2, 8, 15, 16, 11, 4, 21, 5, 12]",316.77939891815186,1,1.0,1.0,1,1.0,1,0,"[21, 28]",417.0,0.0018249305430799723,0.1627274751663208
breast_cancer,semisynthetic_real_covariates,sin(pi*x0)+x1^2+c*x2*x3 on tanh-standardized real covariates,0.1,0.05,384,512,30,2003,feature_edge_hybrid,20,4,16,5,0.001,75,20,0.004589080077130348,0.003803091822192073,"[0, 1, 2, 3]","[0, 1, 3, 2, 8, 15, 11, 4, 16, 21, 27, 12]",316.77983140945435,1,1.0,1.0,1,1.0,1,0,"[21, 28]",417.0,0.0018249305430799723,0.1627274751663208
breast_cancer,semisynthetic_real_covariates,sin(pi*x0)+x1^2+c*x2*x3 on tanh-standardized real covariates,0.1,0.05,384,512,30,2004,feature_stability_var,20,4,16,5,0.001,75,20,0.004419767181389034,0.003615444991737604,"[0, 1, 2, 3]","[0, 1, 3, 2, 21, 6, 16, 8, 7, 24, 12, 29]",355.2929825782776,1,1.0,1.0,1,1.0,1,0,"[21, 24]",428.0,0.001380696427077055,0.1674014776945114
breast_cancer,semisynthetic_real_covariates,sin(pi*x0)+x1^2+c*x2*x3 on tanh-standardized real covariates,0.1,0.05,384,512,30,2004,feature_edge_hybrid,20,4,16,5,0.001,75,20,0.004419767181389034,0.003615444991737604,"[0, 1, 2, 3]","[0, 1, 3, 2, 6, 21, 9, 16, 24, 8, 7, 5]",355.29341864585876,1,1.0,1.0,1,1.0,1,0,"[21, 24]",428.0,0.001380696427077055,0.1674014776945114
breast_cancer,semisynthetic_real_covariates,sin(pi*x0)+x1^2+c*x2*x3 on tanh-standardized real covariates,0.1,0.05,384,512,30,2005,feature_stability_var,20,4,16,5,0.001,75,20,0.004772205697372555,0.0037549100816249847,"[0, 1, 2, 3]","[0, 1, 3, 2, 24, 21, 4, 9, 14, 5, 27, 19]",307.6185245513916,1,1.0,1.0,1,1.0,1,0,"[21, 24]",323.0,0.012774011120200157,0.2286572903394699
breast_cancer,semisynthetic_real_covariates,sin(pi*x0)+x1^2+c*x2*x3 on tanh-standardized real covariates,0.1,0.05,384,512,30,2005,feature_edge_hybrid,20,4,16,5,0.001,75,20,0.004772205697372555,0.0037549100816249847,"[0, 1, 2, 3]","[0, 1, 3, 2, 24, 4, 8, 18, 27, 7, 14, 5]",307.61896085739136,1,1.0,1.0,1,1.0,1,0,"[21, 24]",323.0,0.012774011120200157,0.2286572903394699
breast_cancer,semisynthetic_real_covariates,sin(pi*x0)+x1^2+c*x2*x3 on tanh-standardized real covariates,0.1,0.05,384,512,30,2006,feature_stability_var,20,4,16,5,0.001,75,20,0.004110049549490213,0.0033013883512467146,"[0, 1, 2, 3]","[0, 1, 3, 2, 18, 15, 24, 28, 8, 11, 27, 14]",352.1868808269501,1,1.0,1.0,1,1.0,1,0,"[21, 24]",414.0,0.0035671256482601166,0.21352599561214447
breast_cancer,semisynthetic_real_covariates,sin(pi*x0)+x1^2+c*x2*x3 on tanh-standardized real covariates,0.1,0.05,384,512,30,2006,feature_edge_hybrid,20,4,16,5,0.001,75,20,0.004110049549490213,0.0033013883512467146,"[0, 1, 2, 3]","[0, 1, 3, 2, 15, 28, 18, 11, 27, 24, 9, 14]",352.18735551834106,1,1.0,1.0,1,1.0,1,0,"[21, 24]",414.0,0.0035671256482601166,0.21352599561214447
breast_cancer,semisynthetic_real_covariates,sin(pi*x0)+x1^2+c*x2*x3 on tanh-standardized real covariates,0.1,0.05,384,512,30,2007,feature_stability_var,20,4,16,5,0.001,75,20,0.004543477995321154,0.0037642284296453,"[0, 1, 2, 3]","[0, 1, 2, 3, 27, 7, 29, 6, 17, 9, 10, 24]",332.9970688819885,1,1.0,1.0,1,1.0,1,0,"[21, 24]",425.0,0.001071459730155766,0.22736355662345886
breast_cancer,semisynthetic_real_covariates,sin(pi*x0)+x1^2+c*x2*x3 on tanh-standardized real covariates,0.1,0.05,384,512,30,2007,feature_edge_hybrid,20,4,16,5,0.001,75,20,0.004543477995321154,0.0037642284296453,"[0, 1, 2, 3]","[0, 1, 2, 3, 27, 17, 6, 7, 29, 9, 10, 24]",332.9975275993347,1,1.0,1.0,1,1.0,1,0,"[21, 24]",425.0,0.001071459730155766,0.22736355662345886
breast_cancer,semisynthetic_real_covariates,sin(pi*x0)+x1^2+c*x2*x3 on tanh-standardized real covariates,0.1,0.05,384,512,30,2008,feature_stability_var,20,4,16,5,0.001,75,20,0.005038409144617617,0.003984917886555195,"[0, 1, 2, 3]","[0, 1, 3, 2, 27, 24, 21, 14, 19, 15, 26, 8]",342.56036949157715,1,1.0,1.0,1,1.0,1,0,"[1, 4]",387.0,0.007921908050775528,0.17859618365764618
breast_cancer,semisynthetic_real_covariates,sin(pi*x0)+x1^2+c*x2*x3 on tanh-standardized real covariates,0.1,0.05,384,512,30,2008,feature_edge_hybrid,20,4,16,5,0.001,75,20,0.005038409144617617,0.003984917886555195,"[0, 1, 2, 3]","[0, 1, 3, 2, 27, 24, 21, 14, 19, 8, 17, 26]",342.5608448982239,1,1.0,1.0,1,1.0,1,0,"[1, 4]",387.0,0.007921908050775528,0.17859618365764618
breast_cancer,semisynthetic_real_covariates,sin(pi*x0)+x1^2+c*x2*x3 on tanh-standardized real covariates,0.1,0.05,384,512,30,2009,feature_stability_var,20,4,16,5,0.001,75,20,0.004840241000056267,0.004005554132163525,"[0, 1, 2, 3]","[0, 1, 3, 2, 27, 18, 9, 8, 7, 17, 26, 20]",358.8028664588928,1,1.0,1.0,1,1.0,1,0,"[21, 24]",421.0,0.001210434245876968,0.2544070780277252
breast_cancer,semisynthetic_real_covariates,sin(pi*x0)+x1^2+c*x2*x3 on tanh-standardized real covariates,0.1,0.05,384,512,30,2009,feature_edge_hybrid,20,4,16,5,0.001,75,20,0.004840241000056267,0.004005554132163525,"[0, 1, 2, 3]","[0, 1, 3, 2, 27, 18, 9, 8, 7, 26, 16, 19]",358.8033092021942,1,1.0,1.0,1,1.0,1,0,"[21, 24]",421.0,0.001210434245876968,0.2544070780277252
breast_cancer,semisynthetic_real_covariates,sin(pi*x0)+x1^2+c*x2*x3 on tanh-standardized real covariates,0.25,0.05,128,512,30,2000,feature_stability_var,20,4,16,5,0.001,75,20,0.018760387995280327,0.006293470971286297,"[0, 1, 2, 3]","[0, 1, 3, 2, 27, 4, 21, 29, 28, 24, 7, 17]",355.99350810050964,1,1.0,1.0,1,1.0,1,0,"[1, 21]",260.0,0.027793042361736298,0.3021523952484131
breast_cancer,semisynthetic_real_covariates,sin(pi*x0)+x1^2+c*x2*x3 on tanh-standardized real covariates,0.25,0.05,128,512,30,2000,feature_edge_hybrid,20,4,16,5,0.001,75,20,0.018760387995280327,0.006293470971286297,"[0, 1, 2, 3]","[0, 1, 3, 2, 27, 4, 29, 21, 28, 17, 22, 7]",355.99394178390503,1,1.0,1.0,1,1.0,1,0,"[1, 21]",260.0,0.027793042361736298,0.3021523952484131
breast_cancer,semisynthetic_real_covariates,sin(pi*x0)+x1^2+c*x2*x3 on tanh-standardized real covariates,0.25,0.05,128,512,30,2001,feature_stability_var,20,4,16,5,0.001,75,20,0.01728901753667742,0.006284015718847513,"[0, 1, 2, 3]","[0, 1, 2, 3, 21, 11, 28, 19, 8, 7, 16, 18]",342.64091420173645,1,1.0,1.0,1,1.0,1,0,"[1, 21]",171.0,0.04788931459188461,0.2701944410800934
breast_cancer,semisynthetic_real_covariates,sin(pi*x0)+x1^2+c*x2*x3 on tanh-standardized real covariates,0.25,0.05,128,512,30,2001,feature_edge_hybrid,20,4,16,5,0.001,75,20,0.01728901753667742,0.006284015718847513,"[0, 1, 2, 3]","[0, 1, 2, 3, 11, 21, 28, 19, 16, 7, 18, 8]",342.64136815071106,1,1.0,1.0,1,1.0,1,0,"[1, 21]",171.0,0.04788931459188461,0.2701944410800934
breast_cancer,semisynthetic_real_covariates,sin(pi*x0)+x1^2+c*x2*x3 on tanh-standardized real covariates,0.25,0.05,128,512,30,2002,feature_stability_var,20,4,16,5,0.001,75,20,0.016499683493748307,0.008194401860237122,"[0, 1, 2, 3]","[0, 1, 3, 2, 18, 28, 17, 20, 19, 8, 4, 9]",372.0810284614563,1,1.0,1.0,1,1.0,1,0,"[1, 21]",344.0,0.016647860407829285,0.2521779239177704
breast_cancer,semisynthetic_real_covariates,sin(pi*x0)+x1^2+c*x2*x3 on tanh-standardized real covariates,0.25,0.05,128,512,30,2002,feature_edge_hybrid,20,4,16,5,0.001,75,20,0.016499683493748307,0.008194401860237122,"[0, 1, 2, 3]","[0, 1, 3, 2, 18, 17, 4, 19, 20, 8, 28, 24]",372.08146381378174,1,1.0,1.0,1,1.0,1,0,"[1, 21]",344.0,0.016647860407829285,0.2521779239177704
breast_cancer,semisynthetic_real_covariates,sin(pi*x0)+x1^2+c*x2*x3 on tanh-standardized real covariates,0.25,0.05,128,512,30,2003,feature_stability_var,20,4,16,5,0.001,75,20,0.024841545941308142,0.006341623142361641,"[0, 1, 2, 3]","[0, 1, 2, 3, 21, 24, 28, 29, 7, 26, 4, 27]",352.5009455680847,1,1.0,1.0,1,1.0,1,0,"[1, 21]",268.0,0.030806340277194977,0.31236711144447327
breast_cancer,semisynthetic_real_covariates,sin(pi*x0)+x1^2+c*x2*x3 on tanh-standardized real covariates,0.25,0.05,128,512,30,2003,feature_edge_hybrid,20,4,16,5,0.001,75,20,0.024841545941308142,0.006341623142361641,"[0, 1, 2, 3]","[0, 1, 2, 3, 21, 24, 28, 29, 4, 26, 7, 27]",352.50142669677734,1,1.0,1.0,1,1.0,1,0,"[1, 21]",268.0,0.030806340277194977,0.31236711144447327
breast_cancer,semisynthetic_real_covariates,sin(pi*x0)+x1^2+c*x2*x3 on tanh-standardized real covariates,0.25,0.05,128,512,30,2004,feature_stability_var,20,4,16,5,0.001,75,20,0.020556222065351903,0.0062451595440506935,"[0, 1, 2, 3]","[0, 1, 3, 2, 18, 20, 21, 14, 8, 24, 17, 27]",353.7868273258209,1,1.0,1.0,1,1.0,1,0,"[1, 21]",381.0,0.006254709791392088,0.2979600429534912
breast_cancer,semisynthetic_real_covariates,sin(pi*x0)+x1^2+c*x2*x3 on tanh-standardized real covariates,0.25,0.05,128,512,30,2004,feature_edge_hybrid,20,4,16,5,0.001,75,20,0.020556222065351903,0.0062451595440506935,"[0, 1, 2, 3]","[0, 1, 3, 2, 18, 20, 21, 14, 24, 8, 11, 12]",353.7872633934021,1,1.0,1.0,1,1.0,1,0,"[1, 21]",381.0,0.006254709791392088,0.2979600429534912
breast_cancer,semisynthetic_real_covariates,sin(pi*x0)+x1^2+c*x2*x3 on tanh-standardized real covariates,0.25,0.05,128,512,30,2005,feature_stability_var,20,4,16,5,0.001,75,20,0.017135526845231654,0.005514871794730425,"[0, 1, 2, 3]","[0, 1, 2, 3, 17, 22, 4, 29, 24, 8, 11, 6]",346.63375878334045,1,1.0,1.0,1,1.0,1,0,"[21, 24]",207.0,0.03990809619426727,0.3091846704483032
breast_cancer,semisynthetic_real_covariates,sin(pi*x0)+x1^2+c*x2*x3 on tanh-standardized real covariates,0.25,0.05,128,512,30,2005,feature_edge_hybrid,20,4,16,5,0.001,75,20,0.017135526845231654,0.005514871794730425,"[0, 1, 2, 3]","[0, 1, 2, 3, 17, 22, 4, 24, 11, 8, 29, 6]",346.63418340682983,1,1.0,1.0,1,1.0,1,0,"[21, 24]",207.0,0.03990809619426727,0.3091846704483032
breast_cancer,semisynthetic_real_covariates,sin(pi*x0)+x1^2+c*x2*x3 on tanh-standardized real covariates,0.25,0.05,128,512,30,2006,feature_stability_var,20,4,16,5,0.001,75,20,0.024203047249466182,0.004764171317219734,"[0, 1, 2, 3]","[0, 1, 2, 3, 21, 4, 6, 29, 17, 7, 24, 11]",349.3679609298706,1,1.0,1.0,1,1.0,1,0,"[1, 21]",257.0,0.028987057507038116,0.2645963430404663
breast_cancer,semisynthetic_real_covariates,sin(pi*x0)+x1^2+c*x2*x3 on tanh-standardized real covariates,0.25,0.05,128,512,30,2006,feature_edge_hybrid,20,4,16,5,0.001,75,20,0.024203047249466182,0.004764171317219734,"[0, 1, 2, 3]","[0, 1, 2, 3, 21, 4, 17, 29, 18, 7, 9, 11]",349.3683965206146,1,1.0,1.0,1,1.0,1,0,"[1, 21]",257.0,0.028987057507038116,0.2645963430404663
breast_cancer,semisynthetic_real_covariates,sin(pi*x0)+x1^2+c*x2*x3 on tanh-standardized real covariates,0.25,0.05,128,512,30,2007,feature_stability_var,20,4,16,5,0.001,75,20,0.03851425386965275,0.008078033104538918,"[0, 1, 2, 3]","[0, 1, 2, 3, 21, 22, 14, 7, 9, 20, 11, 4]",361.7787103652954,1,1.0,1.0,1,1.0,1,0,"[1, 9]",272.0,0.025576099753379822,0.30033496022224426
breast_cancer,semisynthetic_real_covariates,sin(pi*x0)+x1^2+c*x2*x3 on tanh-standardized real covariates,0.25,0.05,128,512,30,2007,feature_edge_hybrid,20,4,16,5,0.001,75,20,0.03851425386965275,0.008078033104538918,"[0, 1, 2, 3]","[0, 1, 2, 3, 21, 22, 7, 14, 9, 20, 11, 4]",361.77914547920227,1,1.0,1.0,1,1.0,1,0,"[1, 9]",272.0,0.025576099753379822,0.30033496022224426
breast_cancer,semisynthetic_real_covariates,sin(pi*x0)+x1^2+c*x2*x3 on tanh-standardized real covariates,0.25,0.05,128,512,30,2008,feature_stability_var,20,4,16,5,0.001,75,20,0.01693156242836267,0.006914886645972729,"[0, 1, 2, 3]","[0, 1, 3, 2, 21, 9, 20, 14, 8, 18, 22, 26]",362.54032588005066,1,1.0,1.0,1,1.0,1,0,"[1, 21]",367.0,0.010333556681871414,0.2594012916088104
breast_cancer,semisynthetic_real_covariates,sin(pi*x0)+x1^2+c*x2*x3 on tanh-standardized real covariates,0.25,0.05,128,512,30,2008,feature_edge_hybrid,20,4,16,5,0.001,75,20,0.01693156242836267,0.006914886645972729,"[0, 1, 2, 3]","[0, 1, 3, 2, 21, 9, 20, 14, 8, 6, 11, 17]",362.54079270362854,1,1.0,1.0,1,1.0,1,0,"[1, 21]",367.0,0.010333556681871414,0.2594012916088104
breast_cancer,semisynthetic_real_covariates,sin(pi*x0)+x1^2+c*x2*x3 on tanh-standardized real covariates,0.25,0.05,128,512,30,2009,feature_stability_var,20,4,16,5,0.001,75,20,0.021222472377121448,0.007427786476910114,"[0, 1, 2, 3]","[0, 1, 2, 3, 9, 8, 18, 24, 4, 14, 28, 25]",382.83585381507874,1,1.0,1.0,1,1.0,1,0,"[1, 21]",315.0,0.027140863239765167,0.2662687301635742
breast_cancer,semisynthetic_real_covariates,sin(pi*x0)+x1^2+c*x2*x3 on tanh-standardized real covariates,0.25,0.05,128,512,30,2009,feature_edge_hybrid,20,4,16,5,0.001,75,20,0.021222472377121448,0.007427786476910114,"[0, 1, 2, 3]","[0, 1, 2, 3, 8, 9, 4, 18, 24, 14, 21, 28]",382.83627796173096,1,1.0,1.0,1,1.0,1,0,"[1, 21]",315.0,0.027140863239765167,0.2662687301635742
breast_cancer,semisynthetic_real_covariates,sin(pi*x0)+x1^2+c*x2*x3 on tanh-standardized real covariates,0.25,0.05,256,512,30,2000,feature_stability_var,20,4,16,5,0.001,75,20,0.007059574197046459,0.005336037836968899,"[0, 1, 2, 3]","[0, 1, 2, 3, 4, 11, 26, 27, 24, 22, 7, 29]",374.55796337127686,1,1.0,1.0,1,1.0,1,0,"[1, 21]",315.0,0.011993407271802425,0.19104591012001038
breast_cancer,semisynthetic_real_covariates,sin(pi*x0)+x1^2+c*x2*x3 on tanh-standardized real covariates,0.25,0.05,256,512,30,2000,feature_edge_hybrid,20,4,16,5,0.001,75,20,0.007059574197046459,0.005336037836968899,"[0, 1, 2, 3]","[0, 1, 2, 3, 11, 22, 4, 26, 27, 7, 29, 24]",374.55840134620667,1,1.0,1.0,1,1.0,1,0,"[1, 21]",315.0,0.011993407271802425,0.19104591012001038
breast_cancer,semisynthetic_real_covariates,sin(pi*x0)+x1^2+c*x2*x3 on tanh-standardized real covariates,0.25,0.05,256,512,30,2001,feature_stability_var,20,4,16,5,0.001,75,20,0.005650042206980288,0.0037347027100622654,"[0, 1, 2, 3]","[0, 1, 3, 2, 26, 24, 27, 9, 8, 11, 21, 14]",353.77458000183105,1,1.0,1.0,1,1.0,1,0,"[1, 21]",309.0,0.019592562690377235,0.19075746834278107
breast_cancer,semisynthetic_real_covariates,sin(pi*x0)+x1^2+c*x2*x3 on tanh-standardized real covariates,0.25,0.05,256,512,30,2001,feature_edge_hybrid,20,4,16,5,0.001,75,20,0.005650042206980288,0.0037347027100622654,"[0, 1, 2, 3]","[0, 1, 3, 2, 26, 24, 27, 14, 12, 8, 11, 9]",353.77504992485046,1,1.0,1.0,1,1.0,1,0,"[1, 21]",309.0,0.019592562690377235,0.19075746834278107
breast_cancer,semisynthetic_real_covariates,sin(pi*x0)+x1^2+c*x2*x3 on tanh-standardized real covariates,0.25,0.05,256,512,30,2002,feature_stability_var,20,4,16,5,0.001,75,20,0.007668353687040508,0.00554286316037178,"[0, 1, 2, 3]","[0, 1, 3, 2, 26, 28, 11, 16, 15, 10, 24, 4]",386.9523220062256,1,1.0,1.0,1,1.0,1,0,"[1, 21]",366.0,0.008885917253792286,0.20945222675800323
breast_cancer,semisynthetic_real_covariates,sin(pi*x0)+x1^2+c*x2*x3 on tanh-standardized real covariates,0.25,0.05,256,512,30,2002,feature_edge_hybrid,20,4,16,5,0.001,75,20,0.007668353687040508,0.00554286316037178,"[0, 1, 2, 3]","[0, 1, 3, 2, 26, 28, 16, 15, 19, 8, 11, 17]",386.9527599811554,1,1.0,1.0,1,1.0,1,0,"[1, 21]",366.0,0.008885917253792286,0.20945222675800323
breast_cancer,semisynthetic_real_covariates,sin(pi*x0)+x1^2+c*x2*x3 on tanh-standardized real covariates,0.25,0.05,256,512,30,2003,feature_stability_var,20,4,16,5,0.001,75,20,0.006771971308626235,0.004545295611023903,"[0, 1, 2, 3]","[0, 1, 3, 2, 29, 4, 24, 8, 17, 16, 9, 14]",402.2540032863617,1,1.0,1.0,1,1.0,1,0,"[21, 24]",336.0,0.013588213361799717,0.23031842708587646
breast_cancer,semisynthetic_real_covariates,sin(pi*x0)+x1^2+c*x2*x3 on tanh-standardized real covariates,0.25,0.05,256,512,30,2003,feature_edge_hybrid,20,4,16,5,0.001,75,20,0.006771971308626235,0.004545295611023903,"[0, 1, 2, 3]","[0, 1, 3, 2, 29, 4, 24, 17, 8, 14, 16, 7]",402.25448083877563,1,1.0,1.0,1,1.0,1,0,"[21, 24]",336.0,0.013588213361799717,0.23031842708587646
breast_cancer,semisynthetic_real_covariates,sin(pi*x0)+x1^2+c*x2*x3 on tanh-standardized real covariates,0.25,0.05,256,512,30,2004,feature_stability_var,20,4,16,5,0.001,75,20,0.004930441256146878,0.0038315600249916315,"[0, 1, 2, 3]","[0, 1, 3, 2, 5, 27, 21, 22, 26, 24, 14, 18]",384.76273584365845,1,1.0,1.0,1,1.0,1,0,"[1, 21]",434.0,0.0006575456936843693,0.18553058803081512
breast_cancer,semisynthetic_real_covariates,sin(pi*x0)+x1^2+c*x2*x3 on tanh-standardized real covariates,0.25,0.05,256,512,30,2004,feature_edge_hybrid,20,4,16,5,0.001,75,20,0.004930441256146878,0.0038315600249916315,"[0, 1, 2, 3]","[0, 1, 3, 2, 5, 27, 21, 22, 24, 26, 14, 18]",384.7631719112396,1,1.0,1.0,1,1.0,1,0,"[1, 21]",434.0,0.0006575456936843693,0.18553058803081512
breast_cancer,semisynthetic_real_covariates,sin(pi*x0)+x1^2+c*x2*x3 on tanh-standardized real covariates,0.25,0.05,256,512,30,2005,feature_stability_var,20,4,16,5,0.001,75,20,0.006116963690146804,0.004592634737491608,"[0, 1, 2, 3]","[0, 1, 3, 2, 7, 4, 5, 8, 28, 16, 21, 24]",360.0506503582001,1,1.0,1.0,1,1.0,1,0,"[1, 4]",245.0,0.026990341022610664,0.2467944175004959
breast_cancer,semisynthetic_real_covariates,sin(pi*x0)+x1^2+c*x2*x3 on tanh-standardized real covariates,0.25,0.05,256,512,30,2005,feature_edge_hybrid,20,4,16,5,0.001,75,20,0.006116963690146804,0.004592634737491608,"[0, 1, 2, 3]","[0, 1, 3, 2, 7, 4, 16, 5, 28, 10, 21, 8]",360.0510952472687,1,1.0,1.0,1,1.0,1,0,"[1, 4]",245.0,0.026990341022610664,0.2467944175004959
breast_cancer,semisynthetic_real_covariates,sin(pi*x0)+x1^2+c*x2*x3 on tanh-standardized real covariates,0.25,0.05,256,512,30,2006,feature_stability_var,20,4,16,5,0.001,75,20,0.0058329356601461765,0.004365972243249416,"[0, 1, 2, 3]","[0, 1, 2, 3, 16, 18, 15, 8, 9, 21, 27, 4]",402.30150055885315,1,1.0,1.0,1,1.0,1,0,"[21, 26]",429.0,0.0016521423822268844,0.24028143286705017
breast_cancer,semisynthetic_real_covariates,sin(pi*x0)+x1^2+c*x2*x3 on tanh-standardized real covariates,0.25,0.05,256,512,30,2006,feature_edge_hybrid,20,4,16,5,0.001,75,20,0.0058329356601461765,0.004365972243249416,"[0, 1, 2, 3]","[0, 1, 2, 3, 16, 18, 15, 6, 8, 9, 27, 11]",402.30197525024414,1,1.0,1.0,1,1.0,1,0,"[21, 26]",429.0,0.0016521423822268844,0.24028143286705017
breast_cancer,semisynthetic_real_covariates,sin(pi*x0)+x1^2+c*x2*x3 on tanh-standardized real covariates,0.25,0.05,256,512,30,2007,feature_stability_var,20,4,16,5,0.001,75,20,0.006811110326088965,0.004641061648726463,"[0, 1, 2, 3]","[0, 1, 3, 2, 27, 9, 18, 24, 11, 8, 29, 28]",408.46695256233215,1,1.0,1.0,1,1.0,1,0,"[18, 21]",321.0,0.01919853314757347,0.18492786586284637
breast_cancer,semisynthetic_real_covariates,sin(pi*x0)+x1^2+c*x2*x3 on tanh-standardized real covariates,0.25,0.05,256,512,30,2007,feature_edge_hybrid,20,4,16,5,0.001,75,20,0.006811110326088965,0.004641061648726463,"[0, 1, 2, 3]","[0, 1, 3, 2, 27, 9, 18, 24, 28, 29, 8, 11]",408.4674232006073,1,1.0,1.0,1,1.0,1,0,"[18, 21]",321.0,0.01919853314757347,0.18492786586284637
breast_cancer,semisynthetic_real_covariates,sin(pi*x0)+x1^2+c*x2*x3 on tanh-standardized real covariates,0.25,0.05,256,512,30,2008,feature_stability_var,20,4,16,5,0.001,75,20,0.0062231187708675865,0.004733025096356869,"[0, 1, 2, 3]","[0, 1, 3, 2, 26, 4, 24, 21, 8, 11, 28, 7]",415.53815722465515,1,1.0,1.0,1,1.0,1,0,"[10, 28]",387.0,0.008266535587608814,0.22375419735908508
breast_cancer,semisynthetic_real_covariates,sin(pi*x0)+x1^2+c*x2*x3 on tanh-standardized real covariates,0.25,0.05,256,512,30,2008,feature_edge_hybrid,20,4,16,5,0.001,75,20,0.0062231187708675865,0.004733025096356869,"[0, 1, 2, 3]","[0, 1, 3, 2, 26, 4, 24, 8, 28, 21, 11, 22]",415.5386347770691,1,1.0,1.0,1,1.0,1,0,"[10, 28]",387.0,0.008266535587608814,0.22375419735908508
breast_cancer,semisynthetic_real_covariates,sin(pi*x0)+x1^2+c*x2*x3 on tanh-standardized real covariates,0.25,0.05,256,512,30,2009,feature_stability_var,20,4,16,5,0.001,75,20,0.0064857108518481255,0.0049062068574130535,"[0, 1, 2, 3]","[0, 1, 3, 2, 19, 17, 27, 24, 23, 28, 9, 4]",357.00427055358887,1,1.0,1.0,1,1.0,1,0,"[1, 24]",369.0,0.010156195610761642,0.2515043020248413
breast_cancer,semisynthetic_real_covariates,sin(pi*x0)+x1^2+c*x2*x3 on tanh-standardized real covariates,0.25,0.05,256,512,30,2009,feature_edge_hybrid,20,4,16,5,0.001,75,20,0.0064857108518481255,0.0049062068574130535,"[0, 1, 2, 3]","[0, 1, 3, 2, 19, 17, 27, 23, 24, 28, 9, 4]",357.0047342777252,1,1.0,1.0,1,1.0,1,0,"[1, 24]",369.0,0.010156195610761642,0.2515043020248413
breast_cancer,semisynthetic_real_covariates,sin(pi*x0)+x1^2+c*x2*x3 on tanh-standardized real covariates,0.25,0.05,384,512,30,2000,feature_stability_var,20,4,16,5,0.001,75,20,0.004503967938944697,0.0034814621321856976,"[0, 1, 2, 3]","[0, 1, 3, 2, 8, 25, 5, 6, 4, 24, 29, 28]",327.4840829372406,1,1.0,1.0,1,1.0,1,0,"[4, 21]",324.0,0.013249972835183144,0.18106883764266968
breast_cancer,semisynthetic_real_covariates,sin(pi*x0)+x1^2+c*x2*x3 on tanh-standardized real covariates,0.25,0.05,384,512,30,2000,feature_edge_hybrid,20,4,16,5,0.001,75,20,0.004503967938944697,0.0034814621321856976,"[0, 1, 2, 3]","[0, 1, 3, 2, 8, 25, 5, 29, 6, 4, 27, 17]",327.48452401161194,1,1.0,1.0,1,1.0,1,0,"[4, 21]",324.0,0.013249972835183144,0.18106883764266968
breast_cancer,semisynthetic_real_covariates,sin(pi*x0)+x1^2+c*x2*x3 on tanh-standardized real covariates,0.25,0.05,384,512,30,2001,feature_stability_var,20,4,16,5,0.001,75,20,0.004263389122206718,0.0034073996357619762,"[0, 1, 2, 3]","[0, 1, 3, 2, 5, 26, 12, 25, 15, 28, 18, 27]",366.576785326004,1,1.0,1.0,1,1.0,1,0,"[1, 21]",303.0,0.01821708306670189,0.14234095811843872
breast_cancer,semisynthetic_real_covariates,sin(pi*x0)+x1^2+c*x2*x3 on tanh-standardized real covariates,0.25,0.05,384,512,30,2001,feature_edge_hybrid,20,4,16,5,0.001,75,20,0.004263389122206718,0.0034073996357619762,"[0, 1, 2, 3]","[0, 1, 2, 3, 5, 12, 26, 25, 24, 17, 15, 14]",366.5772490501404,1,1.0,1.0,1,1.0,1,0,"[1, 21]",303.0,0.01821708306670189,0.14234095811843872
breast_cancer,semisynthetic_real_covariates,sin(pi*x0)+x1^2+c*x2*x3 on tanh-standardized real covariates,0.25,0.05,384,512,30,2002,feature_stability_var,20,4,16,5,0.001,75,20,0.005939824343658984,0.004300715401768684,"[0, 1, 2, 3]","[0, 1, 2, 3, 27, 15, 19, 17, 7, 8, 11, 21]",332.4016942977905,1,1.0,1.0,1,1.0,1,0,"[1, 24]",345.0,0.011366280727088451,0.13499492406845093
breast_cancer,semisynthetic_real_covariates,sin(pi*x0)+x1^2+c*x2*x3 on tanh-standardized real covariates,0.25,0.05,384,512,30,2002,feature_edge_hybrid,20,4,16,5,0.001,75,20,0.005939824343658984,0.004300715401768684,"[0, 1, 2, 3]","[0, 1, 2, 3, 15, 27, 19, 17, 16, 7, 28, 8]",332.40213418006897,1,1.0,1.0,1,1.0,1,0,"[1, 24]",345.0,0.011366280727088451,0.13499492406845093
breast_cancer,semisynthetic_real_covariates,sin(pi*x0)+x1^2+c*x2*x3 on tanh-standardized real covariates,0.25,0.05,384,512,30,2003,feature_stability_var,20,4,16,5,0.001,75,20,0.004523399763274938,0.0038143340498209,"[0, 1, 2, 3]","[0, 1, 3, 2, 15, 11, 16, 7, 8, 5, 4, 21]",332.1186122894287,1,1.0,1.0,1,1.0,1,0,"[21, 28]",296.0,0.011991963721811771,0.1639217585325241
breast_cancer,semisynthetic_real_covariates,sin(pi*x0)+x1^2+c*x2*x3 on tanh-standardized real covariates,0.25,0.05,384,512,30,2003,feature_edge_hybrid,20,4,16,5,0.001,75,20,0.004523399763274938,0.0038143340498209,"[0, 1, 2, 3]","[0, 1, 3, 2, 15, 11, 8, 16, 4, 7, 21, 12]",332.1191141605377,1,1.0,1.0,1,1.0,1,0,"[21, 28]",296.0,0.011991963721811771,0.1639217585325241
breast_cancer,semisynthetic_real_covariates,sin(pi*x0)+x1^2+c*x2*x3 on tanh-standardized real covariates,0.25,0.05,384,512,30,2004,feature_stability_var,20,4,16,5,0.001,75,20,0.004489786177873612,0.003510548733174801,"[0, 1, 2, 3]","[0, 1, 3, 2, 8, 21, 24, 6, 5, 16, 15, 7]",372.27412462234497,1,1.0,1.0,1,1.0,1,0,"[21, 24]",372.0,0.010061290115118027,0.16480188071727753
breast_cancer,semisynthetic_real_covariates,sin(pi*x0)+x1^2+c*x2*x3 on tanh-standardized real covariates,0.25,0.05,384,512,30,2004,feature_edge_hybrid,20,4,16,5,0.001,75,20,0.004489786177873612,0.003510548733174801,"[0, 1, 2, 3]","[0, 1, 3, 2, 6, 8, 5, 21, 24, 15, 7, 9]",372.27457427978516,1,1.0,1.0,1,1.0,1,0,"[21, 24]",372.0,0.010061290115118027,0.16480188071727753
breast_cancer,semisynthetic_real_covariates,sin(pi*x0)+x1^2+c*x2*x3 on tanh-standardized real covariates,0.25,0.05,384,512,30,2005,feature_stability_var,20,4,16,5,0.001,75,20,0.0048208714928478,0.0037471745163202286,"[0, 1, 2, 3]","[0, 1, 3, 2, 24, 21, 9, 8, 4, 14, 16, 15]",342.9057688713074,1,1.0,1.0,1,1.0,1,0,"[21, 24]",262.0,0.022273149341344833,0.23002280294895172
breast_cancer,semisynthetic_real_covariates,sin(pi*x0)+x1^2+c*x2*x3 on tanh-standardized real covariates,0.25,0.05,384,512,30,2005,feature_edge_hybrid,20,4,16,5,0.001,75,20,0.0048208714928478,0.0037471745163202286,"[0, 1, 2, 3]","[0, 1, 3, 2, 24, 8, 9, 4, 18, 27, 21, 14]",342.9062294960022,1,1.0,1.0,1,1.0,1,0,"[21, 24]",262.0,0.022273149341344833,0.23002280294895172
breast_cancer,semisynthetic_real_covariates,sin(pi*x0)+x1^2+c*x2*x3 on tanh-standardized real covariates,0.25,0.05,384,512,30,2006,feature_stability_var,20,4,16,5,0.001,75,20,0.003926666639745236,0.0030463559087365866,"[0, 1, 2, 3]","[0, 1, 3, 2, 18, 15, 28, 8, 11, 24, 27, 9]",378.7379186153412,1,1.0,1.0,1,1.0,1,0,"[21, 24]",397.0,0.006651093252003193,0.21431653201580048
breast_cancer,semisynthetic_real_covariates,sin(pi*x0)+x1^2+c*x2*x3 on tanh-standardized real covariates,0.25,0.05,384,512,30,2006,feature_edge_hybrid,20,4,16,5,0.001,75,20,0.003926666639745236,0.0030463559087365866,"[0, 1, 2, 3]","[0, 1, 3, 2, 15, 18, 11, 28, 8, 24, 27, 9]",378.73835158348083,1,1.0,1.0,1,1.0,1,0,"[21, 24]",397.0,0.006651093252003193,0.21431653201580048
breast_cancer,semisynthetic_real_covariates,sin(pi*x0)+x1^2+c*x2*x3 on tanh-standardized real covariates,0.25,0.05,384,512,30,2007,feature_stability_var,20,4,16,5,0.001,75,20,0.004556020372547209,0.0036117546260356903,"[0, 1, 2, 3]","[0, 1, 2, 3, 6, 27, 7, 29, 17, 10, 5, 8]",325.64355659484863,1,1.0,1.0,1,1.0,1,0,"[21, 24]",345.0,0.010382684879004955,0.22890490293502808
breast_cancer,semisynthetic_real_covariates,sin(pi*x0)+x1^2+c*x2*x3 on tanh-standardized real covariates,0.25,0.05,384,512,30,2007,feature_edge_hybrid,20,4,16,5,0.001,75,20,0.004556020372547209,0.0036117546260356903,"[0, 1, 2, 3]","[0, 1, 2, 3, 6, 7, 29, 27, 17, 10, 5, 8]",325.6439971923828,1,1.0,1.0,1,1.0,1,0,"[21, 24]",345.0,0.010382684879004955,0.22890490293502808
breast_cancer,semisynthetic_real_covariates,sin(pi*x0)+x1^2+c*x2*x3 on tanh-standardized real covariates,0.25,0.05,384,512,30,2008,feature_stability_var,20,4,16,5,0.001,75,20,0.00488651457708329,0.004080863669514656,"[0, 1, 2, 3]","[0, 1, 3, 2, 27, 21, 19, 14, 29, 8, 24, 18]",323.1167390346527,1,1.0,1.0,1,1.0,1,0,"[1, 4]",426.0,0.0023214719258248806,0.17322830855846405
breast_cancer,semisynthetic_real_covariates,sin(pi*x0)+x1^2+c*x2*x3 on tanh-standardized real covariates,0.25,0.05,384,512,30,2008,feature_edge_hybrid,20,4,16,5,0.001,75,20,0.00488651457708329,0.004080863669514656,"[0, 1, 2, 3]","[0, 1, 3, 2, 27, 21, 19, 29, 14, 5, 24, 8]",323.1172034740448,1,1.0,1.0,1,1.0,1,0,"[1, 4]",426.0,0.0023214719258248806,0.17322830855846405
breast_cancer,semisynthetic_real_covariates,sin(pi*x0)+x1^2+c*x2*x3 on tanh-standardized real covariates,0.25,0.05,384,512,30,2009,feature_stability_var,20,4,16,5,0.001,75,20,0.004754046350717545,0.004248455632477999,"[0, 1, 2, 3]","[0, 1, 3, 2, 27, 18, 9, 7, 8, 17, 26, 16]",329.80755138397217,1,1.0,1.0,1,1.0,1,0,"[21, 24]",369.0,0.008710422553122044,0.2514475882053375
breast_cancer,semisynthetic_real_covariates,sin(pi*x0)+x1^2+c*x2*x3 on tanh-standardized real covariates,0.25,0.05,384,512,30,2009,feature_edge_hybrid,20,4,16,5,0.001,75,20,0.004754046350717545,0.004248455632477999,"[0, 1, 2, 3]","[0, 1, 3, 2, 27, 9, 18, 8, 7, 26, 16, 17]",329.807989358902,1,1.0,1.0,1,1.0,1,0,"[21, 24]",369.0,0.008710422553122044,0.2514475882053375
breast_cancer,semisynthetic_real_covariates,sin(pi*x0)+x1^2+c*x2*x3 on tanh-standardized real covariates,0.5,0.05,128,512,30,2000,feature_stability_var,20,4,16,5,0.001,75,20,0.04730239593865056,0.00879340898245573,"[0, 1, 2, 3]","[0, 1, 3, 2, 21, 4, 27, 9, 18, 11, 7, 24]",355.2780258655548,1,1.0,1.0,1,1.0,1,0,"[1, 21]",144.0,0.05348213016986847,0.300636351108551
breast_cancer,semisynthetic_real_covariates,sin(pi*x0)+x1^2+c*x2*x3 on tanh-standardized real covariates,0.5,0.05,128,512,30,2000,feature_edge_hybrid,20,4,16,5,0.001,75,20,0.04730239593865056,0.00879340898245573,"[0, 1, 2, 3]","[0, 1, 3, 2, 21, 4, 27, 9, 7, 29, 11, 18]",355.2785108089447,1,1.0,1.0,1,1.0,1,0,"[1, 21]",144.0,0.05348213016986847,0.300636351108551
breast_cancer,semisynthetic_real_covariates,sin(pi*x0)+x1^2+c*x2*x3 on tanh-standardized real covariates,0.5,0.05,128,512,30,2001,feature_stability_var,20,4,16,5,0.001,75,20,0.019084833771921696,0.007161520887166262,"[0, 1, 2, 3]","[0, 1, 2, 3, 21, 11, 20, 24, 6, 8, 22, 28]",368.9323697090149,1,1.0,1.0,1,1.0,1,0,"[1, 21]",88.0,0.07377713173627853,0.26558712124824524
breast_cancer,semisynthetic_real_covariates,sin(pi*x0)+x1^2+c*x2*x3 on tanh-standardized real covariates,0.5,0.05,128,512,30,2001,feature_edge_hybrid,20,4,16,5,0.001,75,20,0.019084833771921696,0.007161520887166262,"[0, 1, 2, 3]","[0, 1, 2, 3, 21, 11, 20, 24, 6, 28, 8, 22]",368.93284487724304,1,1.0,1.0,1,1.0,1,0,"[1, 21]",88.0,0.07377713173627853,0.26558712124824524
breast_cancer,semisynthetic_real_covariates,sin(pi*x0)+x1^2+c*x2*x3 on tanh-standardized real covariates,0.5,0.05,128,512,30,2002,feature_stability_var,20,4,16,5,0.001,75,20,0.015416178666055203,0.008955331519246101,"[0, 1, 2, 3]","[0, 1, 2, 3, 18, 20, 19, 17, 29, 4, 8, 28]",378.7093403339386,1,1.0,1.0,1,1.0,1,0,"[1, 21]",208.0,0.04278533160686493,0.249503955245018
breast_cancer,semisynthetic_real_covariates,sin(pi*x0)+x1^2+c*x2*x3 on tanh-standardized real covariates,0.5,0.05,128,512,30,2002,feature_edge_hybrid,20,4,16,5,0.001,75,20,0.015416178666055203,0.008955331519246101,"[0, 1, 2, 3]","[0, 1, 2, 3, 18, 19, 20, 17, 4, 29, 24, 8]",378.7098021507263,1,1.0,1.0,1,1.0,1,0,"[1, 21]",208.0,0.04278533160686493,0.249503955245018
breast_cancer,semisynthetic_real_covariates,sin(pi*x0)+x1^2+c*x2*x3 on tanh-standardized real covariates,0.5,0.05,128,512,30,2003,feature_stability_var,20,4,16,5,0.001,75,20,0.037555045797489583,0.0064696925692260265,"[0, 1, 2, 3]","[0, 1, 3, 2, 21, 20, 24, 26, 28, 8, 4, 7]",368.7891094684601,1,1.0,1.0,1,1.0,1,0,"[1, 21]",153.0,0.05707714706659317,0.3056381344795227
breast_cancer,semisynthetic_real_covariates,sin(pi*x0)+x1^2+c*x2*x3 on tanh-standardized real covariates,0.5,0.05,128,512,30,2003,feature_edge_hybrid,20,4,16,5,0.001,75,20,0.037555045797489583,0.0064696925692260265,"[0, 1, 2, 3]","[0, 1, 3, 2, 20, 21, 24, 26, 8, 28, 4, 15]",368.7895550727844,1,1.0,1.0,1,1.0,1,0,"[1, 21]",153.0,0.05707714706659317,0.3056381344795227
breast_cancer,semisynthetic_real_covariates,sin(pi*x0)+x1^2+c*x2*x3 on tanh-standardized real covariates,0.5,0.05,128,512,30,2004,feature_stability_var,20,4,16,5,0.001,75,20,0.023120518797077237,0.0065865060314536095,"[0, 1, 2, 3]","[0, 1, 3, 2, 21, 18, 20, 14, 22, 24, 10, 9]",369.94323539733887,1,1.0,1.0,1,1.0,1,0,"[1, 21]",276.0,0.025880901142954826,0.2922496795654297
breast_cancer,semisynthetic_real_covariates,sin(pi*x0)+x1^2+c*x2*x3 on tanh-standardized real covariates,0.5,0.05,128,512,30,2004,feature_edge_hybrid,20,4,16,5,0.001,75,20,0.023120518797077237,0.0065865060314536095,"[0, 1, 2, 3]","[0, 1, 3, 2, 20, 18, 21, 22, 24, 14, 10, 11]",369.94370436668396,1,1.0,1.0,1,1.0,1,0,"[1, 21]",276.0,0.025880901142954826,0.2922496795654297
breast_cancer,semisynthetic_real_covariates,sin(pi*x0)+x1^2+c*x2*x3 on tanh-standardized real covariates,0.5,0.05,128,512,30,2005,feature_stability_var,20,4,16,5,0.001,75,20,0.00974126837681979,0.006852991413325071,"[0, 1, 2, 3]","[0, 1, 3, 2, 17, 24, 8, 18, 11, 7, 4, 14]",362.7114534378052,1,1.0,1.0,1,1.0,1,0,"[21, 24]",113.0,0.06466823071241379,0.30770304799079895
breast_cancer,semisynthetic_real_covariates,sin(pi*x0)+x1^2+c*x2*x3 on tanh-standardized real covariates,0.5,0.05,128,512,30,2005,feature_edge_hybrid,20,4,16,5,0.001,75,20,0.00974126837681979,0.006852991413325071,"[0, 1, 2, 3]","[0, 1, 3, 2, 17, 24, 8, 18, 11, 7, 4, 19]",362.71192026138306,1,1.0,1.0,1,1.0,1,0,"[21, 24]",113.0,0.06466823071241379,0.30770304799079895
breast_cancer,semisynthetic_real_covariates,sin(pi*x0)+x1^2+c*x2*x3 on tanh-standardized real covariates,0.5,0.05,128,512,30,2006,feature_stability_var,20,4,16,5,0.001,75,20,0.017822524160146715,0.005750288721174002,"[0, 1, 2, 3]","[0, 1, 2, 3, 21, 11, 4, 17, 18, 24, 20, 29]",341.80586791038513,1,1.0,1.0,1,1.0,1,0,"[1, 21]",127.0,0.0547899566590786,0.26190006732940674
breast_cancer,semisynthetic_real_covariates,sin(pi*x0)+x1^2+c*x2*x3 on tanh-standardized real covariates,0.5,0.05,128,512,30,2006,feature_edge_hybrid,20,4,16,5,0.001,75,20,0.017822524160146715,0.005750288721174002,"[0, 1, 2, 3]","[0, 1, 2, 3, 21, 11, 18, 4, 17, 20, 29, 24]",341.8063428401947,1,1.0,1.0,1,1.0,1,0,"[1, 21]",127.0,0.0547899566590786,0.26190006732940674
breast_cancer,semisynthetic_real_covariates,sin(pi*x0)+x1^2+c*x2*x3 on tanh-standardized real covariates,0.5,0.05,128,512,30,2007,feature_stability_var,20,4,16,5,0.001,75,20,0.027274082507938148,0.00836277473717928,"[0, 1, 2, 3]","[0, 1, 2, 3, 21, 8, 22, 14, 7, 11, 20, 9]",346.7798833847046,1,1.0,1.0,1,1.0,1,0,"[1, 9]",158.0,0.05303623154759407,0.30802667140960693
breast_cancer,semisynthetic_real_covariates,sin(pi*x0)+x1^2+c*x2*x3 on tanh-standardized real covariates,0.5,0.05,128,512,30,2007,feature_edge_hybrid,20,4,16,5,0.001,75,20,0.027274082507938148,0.00836277473717928,"[0, 1, 2, 3]","[0, 1, 2, 3, 21, 22, 7, 14, 8, 11, 20, 4]",346.78035831451416,1,1.0,1.0,1,1.0,1,0,"[1, 9]",158.0,0.05303623154759407,0.30802667140960693
breast_cancer,semisynthetic_real_covariates,sin(pi*x0)+x1^2+c*x2*x3 on tanh-standardized real covariates,0.5,0.05,128,512,30,2008,feature_stability_var,20,4,16,5,0.001,75,20,0.01263444903306663,0.008010415360331535,"[0, 1, 2, 3]","[0, 1, 3, 2, 21, 14, 9, 18, 8, 26, 29, 27]",366.4402241706848,1,1.0,1.0,1,1.0,1,0,"[1, 21]",291.0,0.0267327968031168,0.25872260332107544
breast_cancer,semisynthetic_real_covariates,sin(pi*x0)+x1^2+c*x2*x3 on tanh-standardized real covariates,0.5,0.05,128,512,30,2008,feature_edge_hybrid,20,4,16,5,0.001,75,20,0.01263444903306663,0.008010415360331535,"[0, 1, 2, 3]","[0, 1, 3, 2, 21, 14, 9, 18, 8, 5, 29, 17]",366.44070196151733,1,1.0,1.0,1,1.0,1,0,"[1, 21]",291.0,0.0267327968031168,0.25872260332107544
breast_cancer,semisynthetic_real_covariates,sin(pi*x0)+x1^2+c*x2*x3 on tanh-standardized real covariates,0.5,0.05,128,512,30,2009,feature_stability_var,20,4,16,5,0.001,75,20,0.023780621867626906,0.006761773489415646,"[0, 1, 2, 3]","[0, 1, 2, 3, 9, 24, 18, 21, 22, 29, 27, 10]",333.6779041290283,1,1.0,1.0,1,1.0,1,0,"[1, 21]",225.0,0.05112970620393753,0.2690722346305847
breast_cancer,semisynthetic_real_covariates,sin(pi*x0)+x1^2+c*x2*x3 on tanh-standardized real covariates,0.5,0.05,128,512,30,2009,feature_edge_hybrid,20,4,16,5,0.001,75,20,0.023780621867626906,0.006761773489415646,"[0, 1, 2, 3]","[0, 1, 2, 3, 9, 24, 18, 8, 21, 29, 27, 22]",333.6783957481384,1,1.0,1.0,1,1.0,1,0,"[1, 21]",225.0,0.05112970620393753,0.2690722346305847
breast_cancer,semisynthetic_real_covariates,sin(pi*x0)+x1^2+c*x2*x3 on tanh-standardized real covariates,0.5,0.05,256,512,30,2000,feature_stability_var,20,4,16,5,0.001,75,20,0.006996975024230778,0.005194023251533508,"[0, 1, 2, 3]","[0, 1, 2, 3, 22, 4, 26, 11, 7, 27, 29, 8]",395.7338218688965,1,1.0,1.0,1,1.0,1,0,"[1, 21]",171.0,0.029444821178913116,0.18946385383605957
breast_cancer,semisynthetic_real_covariates,sin(pi*x0)+x1^2+c*x2*x3 on tanh-standardized real covariates,0.5,0.05,256,512,30,2000,feature_edge_hybrid,20,4,16,5,0.001,75,20,0.006996975024230778,0.005194023251533508,"[0, 1, 2, 3]","[0, 1, 2, 3, 22, 11, 26, 4, 7, 27, 8, 29]",395.73425912857056,1,1.0,1.0,1,1.0,1,0,"[1, 21]",171.0,0.029444821178913116,0.18946385383605957
breast_cancer,semisynthetic_real_covariates,sin(pi*x0)+x1^2+c*x2*x3 on tanh-standardized real covariates,0.5,0.05,256,512,30,2001,feature_stability_var,20,4,16,5,0.001,75,20,0.005727354274131358,0.0040945811197161674,"[0, 1, 2, 3]","[0, 1, 3, 2, 26, 9, 24, 11, 8, 27, 21, 14]",390.3751389980316,1,1.0,1.0,1,1.0,1,0,"[1, 21]",210.0,0.03762640804052353,0.18745136260986328
breast_cancer,semisynthetic_real_covariates,sin(pi*x0)+x1^2+c*x2*x3 on tanh-standardized real covariates,0.5,0.05,256,512,30,2001,feature_edge_hybrid,20,4,16,5,0.001,75,20,0.005727354274131358,0.0040945811197161674,"[0, 1, 2, 3]","[0, 1, 3, 2, 26, 9, 24, 8, 11, 27, 14, 6]",390.3755853176117,1,1.0,1.0,1,1.0,1,0,"[1, 21]",210.0,0.03762640804052353,0.18745136260986328
breast_cancer,semisynthetic_real_covariates,sin(pi*x0)+x1^2+c*x2*x3 on tanh-standardized real covariates,0.5,0.05,256,512,30,2002,feature_stability_var,20,4,16,5,0.001,75,20,0.007647020416334272,0.0059602027758955956,"[0, 1, 2, 3]","[0, 1, 3, 2, 26, 28, 16, 19, 15, 11, 24, 18]",408.622332572937,1,1.0,1.0,1,1.0,1,0,"[1, 21]",221.0,0.028416289016604424,0.20716449618339539
breast_cancer,semisynthetic_real_covariates,sin(pi*x0)+x1^2+c*x2*x3 on tanh-standardized real covariates,0.5,0.05,256,512,30,2002,feature_edge_hybrid,20,4,16,5,0.001,75,20,0.007647020416334272,0.0059602027758955956,"[0, 1, 2, 3]","[0, 1, 3, 2, 26, 28, 19, 16, 15, 11, 24, 18]",408.62276554107666,1,1.0,1.0,1,1.0,1,0,"[1, 21]",221.0,0.028416289016604424,0.20716449618339539
breast_cancer,semisynthetic_real_covariates,sin(pi*x0)+x1^2+c*x2*x3 on tanh-standardized real covariates,0.5,0.05,256,512,30,2003,feature_stability_var,20,4,16,5,0.001,75,20,0.006521023926325142,0.004177677910774946,"[0, 1, 2, 3]","[0, 1, 3, 2, 8, 24, 29, 4, 16, 9, 17, 27]",373.2559952735901,1,1.0,1.0,1,1.0,1,0,"[21, 24]",221.0,0.03330770134925842,0.23137401044368744
breast_cancer,semisynthetic_real_covariates,sin(pi*x0)+x1^2+c*x2*x3 on tanh-standardized real covariates,0.5,0.05,256,512,30,2003,feature_edge_hybrid,20,4,16,5,0.001,75,20,0.006521023926325142,0.004177677910774946,"[0, 1, 2, 3]","[0, 1, 3, 2, 29, 24, 4, 8, 16, 17, 9, 14]",373.25648736953735,1,1.0,1.0,1,1.0,1,0,"[21, 24]",221.0,0.03330770134925842,0.23137401044368744
breast_cancer,semisynthetic_real_covariates,sin(pi*x0)+x1^2+c*x2*x3 on tanh-standardized real covariates,0.5,0.05,256,512,30,2004,feature_stability_var,20,4,16,5,0.001,75,20,0.005191648541949689,0.004012374207377434,"[0, 1, 2, 3]","[0, 1, 3, 2, 5, 27, 21, 14, 22, 6, 24, 26]",364.2067849636078,1,1.0,1.0,1,1.0,1,0,"[1, 21]",311.0,0.023727906867861748,0.1839044988155365
breast_cancer,semisynthetic_real_covariates,sin(pi*x0)+x1^2+c*x2*x3 on tanh-standardized real covariates,0.5,0.05,256,512,30,2004,feature_edge_hybrid,20,4,16,5,0.001,75,20,0.005191648541949689,0.004012374207377434,"[0, 1, 2, 3]","[0, 1, 3, 2, 5, 27, 21, 14, 24, 6, 26, 17]",364.2072253227234,1,1.0,1.0,1,1.0,1,0,"[1, 21]",311.0,0.023727906867861748,0.1839044988155365
breast_cancer,semisynthetic_real_covariates,sin(pi*x0)+x1^2+c*x2*x3 on tanh-standardized real covariates,0.5,0.05,256,512,30,2005,feature_stability_var,20,4,16,5,0.001,75,20,0.0063719528960064055,0.00491397874429822,"[0, 1, 2, 3]","[0, 1, 3, 2, 7, 28, 4, 16, 21, 6, 10, 5]",358.43227887153625,1,1.0,1.0,1,1.0,1,0,"[1, 28]",160.0,0.044826894998550415,0.24092240631580353
breast_cancer,semisynthetic_real_covariates,sin(pi*x0)+x1^2+c*x2*x3 on tanh-standardized real covariates,0.5,0.05,256,512,30,2005,feature_edge_hybrid,20,4,16,5,0.001,75,20,0.0063719528960064055,0.00491397874429822,"[0, 1, 2, 3]","[0, 1, 3, 2, 7, 28, 4, 16, 10, 21, 6, 27]",358.4327254295349,1,1.0,1.0,1,1.0,1,0,"[1, 28]",160.0,0.044826894998550415,0.24092240631580353
breast_cancer,semisynthetic_real_covariates,sin(pi*x0)+x1^2+c*x2*x3 on tanh-standardized real covariates,0.5,0.05,256,512,30,2006,feature_stability_var,20,4,16,5,0.001,75,20,0.005734382849186659,0.004457170143723488,"[0, 1, 2, 3]","[0, 1, 2, 3, 16, 18, 11, 9, 14, 28, 21, 7]",410.1582992076874,1,1.0,1.0,1,1.0,1,0,"[21, 26]",314.0,0.022769318893551826,0.2262853980064392
breast_cancer,semisynthetic_real_covariates,sin(pi*x0)+x1^2+c*x2*x3 on tanh-standardized real covariates,0.5,0.05,256,512,30,2006,feature_edge_hybrid,20,4,16,5,0.001,75,20,0.005734382849186659,0.004457170143723488,"[0, 1, 2, 3]","[0, 1, 2, 3, 18, 16, 9, 7, 11, 21, 15, 8]",410.15875005722046,1,1.0,1.0,1,1.0,1,0,"[21, 26]",314.0,0.022769318893551826,0.2262853980064392
breast_cancer,semisynthetic_real_covariates,sin(pi*x0)+x1^2+c*x2*x3 on tanh-standardized real covariates,0.5,0.05,256,512,30,2007,feature_stability_var,20,4,16,5,0.001,75,20,0.006473813741467893,0.004247577860951424,"[0, 1, 2, 3]","[0, 1, 3, 2, 9, 27, 18, 15, 11, 17, 8, 26]",369.91037702560425,1,1.0,1.0,1,1.0,1,0,"[18, 21]",241.0,0.03779361769556999,0.18524186313152313
breast_cancer,semisynthetic_real_covariates,sin(pi*x0)+x1^2+c*x2*x3 on tanh-standardized real covariates,0.5,0.05,256,512,30,2007,feature_edge_hybrid,20,4,16,5,0.001,75,20,0.006473813741467893,0.004247577860951424,"[0, 1, 2, 3]","[0, 1, 3, 2, 9, 27, 18, 17, 15, 11, 8, 26]",369.9108154773712,1,1.0,1.0,1,1.0,1,0,"[18, 21]",241.0,0.03779361769556999,0.18524186313152313
breast_cancer,semisynthetic_real_covariates,sin(pi*x0)+x1^2+c*x2*x3 on tanh-standardized real covariates,0.5,0.05,256,512,30,2008,feature_stability_var,20,4,16,5,0.001,75,20,0.0064117328729480505,0.004548666067421436,"[0, 1, 2, 3]","[0, 1, 3, 2, 4, 26, 24, 21, 29, 18, 7, 28]",368.8369514942169,1,1.0,1.0,1,1.0,1,0,"[10, 28]",358.0,0.014202797785401344,0.2098758965730667
breast_cancer,semisynthetic_real_covariates,sin(pi*x0)+x1^2+c*x2*x3 on tanh-standardized real covariates,0.5,0.05,256,512,30,2008,feature_edge_hybrid,20,4,16,5,0.001,75,20,0.0064117328729480505,0.004548666067421436,"[0, 1, 2, 3]","[0, 1, 3, 2, 4, 26, 24, 21, 7, 28, 29, 11]",368.8374330997467,1,1.0,1.0,1,1.0,1,0,"[10, 28]",358.0,0.014202797785401344,0.2098758965730667
breast_cancer,semisynthetic_real_covariates,sin(pi*x0)+x1^2+c*x2*x3 on tanh-standardized real covariates,0.5,0.05,256,512,30,2009,feature_stability_var,20,4,16,5,0.001,75,20,0.006456762319430709,0.004419580101966858,"[0, 1, 2, 3]","[0, 1, 3, 2, 19, 17, 4, 24, 9, 18, 28, 23]",373.99001288414,1,1.0,1.0,1,1.0,1,0,"[1, 24]",230.0,0.03114679828286171,0.2413281500339508
breast_cancer,semisynthetic_real_covariates,sin(pi*x0)+x1^2+c*x2*x3 on tanh-standardized real covariates,0.5,0.05,256,512,30,2009,feature_edge_hybrid,20,4,16,5,0.001,75,20,0.006456762319430709,0.004419580101966858,"[0, 1, 2, 3]","[0, 1, 3, 2, 19, 17, 24, 23, 9, 14, 27, 4]",373.9904546737671,1,1.0,1.0,1,1.0,1,0,"[1, 24]",230.0,0.03114679828286171,0.2413281500339508
breast_cancer,semisynthetic_real_covariates,sin(pi*x0)+x1^2+c*x2*x3 on tanh-standardized real covariates,0.5,0.05,384,512,30,2000,feature_stability_var,20,4,16,5,0.001,75,20,0.004405249853152782,0.0034052825067192316,"[0, 1, 2, 3]","[0, 1, 3, 2, 5, 8, 25, 24, 6, 4, 28, 29]",317.418425321579,1,1.0,1.0,1,1.0,1,0,"[4, 21]",171.0,0.029299771413207054,0.1817152500152588
breast_cancer,semisynthetic_real_covariates,sin(pi*x0)+x1^2+c*x2*x3 on tanh-standardized real covariates,0.5,0.05,384,512,30,2000,feature_edge_hybrid,20,4,16,5,0.001,75,20,0.004405249853152782,0.0034052825067192316,"[0, 1, 2, 3]","[0, 1, 3, 2, 5, 25, 8, 24, 6, 28, 4, 15]",317.418874502182,1,1.0,1.0,1,1.0,1,0,"[4, 21]",171.0,0.029299771413207054,0.1817152500152588
breast_cancer,semisynthetic_real_covariates,sin(pi*x0)+x1^2+c*x2*x3 on tanh-standardized real covariates,0.5,0.05,384,512,30,2001,feature_stability_var,20,4,16,5,0.001,75,20,0.0042053665616549555,0.0034124210942536592,"[0, 1, 2, 3]","[0, 1, 3, 2, 5, 26, 28, 25, 22, 12, 11, 15]",310.54277443885803,1,1.0,1.0,1,1.0,1,0,"[1, 21]",214.0,0.03363678231835365,0.13840584456920624
breast_cancer,semisynthetic_real_covariates,sin(pi*x0)+x1^2+c*x2*x3 on tanh-standardized real covariates,0.5,0.05,384,512,30,2001,feature_edge_hybrid,20,4,16,5,0.001,75,20,0.0042053665616549555,0.0034124210942536592,"[0, 1, 2, 3]","[0, 1, 3, 2, 5, 26, 28, 25, 22, 15, 12, 11]",310.543212890625,1,1.0,1.0,1,1.0,1,0,"[1, 21]",214.0,0.03363678231835365,0.13840584456920624
breast_cancer,semisynthetic_real_covariates,sin(pi*x0)+x1^2+c*x2*x3 on tanh-standardized real covariates,0.5,0.05,384,512,30,2002,feature_stability_var,20,4,16,5,0.001,75,20,0.00538629675284028,0.004223954863846302,"[0, 1, 2, 3]","[0, 1, 2, 3, 27, 17, 7, 25, 15, 8, 19, 4]",338.0910544395447,1,1.0,1.0,1,1.0,1,0,"[1, 24]",212.0,0.027596980333328247,0.1336933970451355
breast_cancer,semisynthetic_real_covariates,sin(pi*x0)+x1^2+c*x2*x3 on tanh-standardized real covariates,0.5,0.05,384,512,30,2002,feature_edge_hybrid,20,4,16,5,0.001,75,20,0.00538629675284028,0.004223954863846302,"[0, 1, 2, 3]","[0, 1, 2, 3, 27, 17, 7, 25, 19, 4, 8, 15]",338.09153723716736,1,1.0,1.0,1,1.0,1,0,"[1, 24]",212.0,0.027596980333328247,0.1336933970451355
breast_cancer,semisynthetic_real_covariates,sin(pi*x0)+x1^2+c*x2*x3 on tanh-standardized real covariates,0.5,0.05,384,512,30,2003,feature_stability_var,20,4,16,5,0.001,75,20,0.004475306032691151,0.0037155868485569954,"[0, 1, 2, 3]","[0, 1, 3, 2, 15, 16, 8, 11, 12, 5, 7, 4]",355.804660320282,1,1.0,1.0,1,1.0,1,0,"[21, 28]",178.0,0.028485318645834923,0.16460929811000824
breast_cancer,semisynthetic_real_covariates,sin(pi*x0)+x1^2+c*x2*x3 on tanh-standardized real covariates,0.5,0.05,384,512,30,2003,feature_edge_hybrid,20,4,16,5,0.001,75,20,0.004475306032691151,0.0037155868485569954,"[0, 1, 2, 3]","[0, 1, 3, 2, 16, 8, 11, 15, 4, 12, 5, 26]",355.80510783195496,1,1.0,1.0,1,1.0,1,0,"[21, 28]",178.0,0.028485318645834923,0.16460929811000824
breast_cancer,semisynthetic_real_covariates,sin(pi*x0)+x1^2+c*x2*x3 on tanh-standardized real covariates,0.5,0.05,384,512,30,2004,feature_stability_var,20,4,16,5,0.001,75,20,0.004329987813252956,0.0034632813185453415,"[0, 1, 2, 3]","[0, 1, 3, 2, 21, 6, 16, 8, 12, 24, 5, 15]",334.1954312324524,1,1.0,1.0,1,1.0,1,0,"[21, 24]",226.0,0.02859571762382984,0.15857677161693573
breast_cancer,semisynthetic_real_covariates,sin(pi*x0)+x1^2+c*x2*x3 on tanh-standardized real covariates,0.5,0.05,384,512,30,2004,feature_edge_hybrid,20,4,16,5,0.001,75,20,0.004329987813252956,0.0034632813185453415,"[0, 1, 2, 3]","[0, 1, 3, 2, 6, 21, 8, 16, 12, 5, 4, 24]",334.1958677768707,1,1.0,1.0,1,1.0,1,0,"[21, 24]",226.0,0.02859571762382984,0.15857677161693573
breast_cancer,semisynthetic_real_covariates,sin(pi*x0)+x1^2+c*x2*x3 on tanh-standardized real covariates,0.5,0.05,384,512,30,2005,feature_stability_var,20,4,16,5,0.001,75,20,0.004811528860591352,0.004082010127604008,"[0, 1, 2, 3]","[0, 1, 3, 2, 24, 4, 9, 18, 19, 27, 14, 21]",315.6339225769043,1,1.0,1.0,1,1.0,1,0,"[21, 24]",180.0,0.03758460655808449,0.23046055436134338
breast_cancer,semisynthetic_real_covariates,sin(pi*x0)+x1^2+c*x2*x3 on tanh-standardized real covariates,0.5,0.05,384,512,30,2005,feature_edge_hybrid,20,4,16,5,0.001,75,20,0.004811528860591352,0.004082010127604008,"[0, 1, 2, 3]","[0, 1, 3, 2, 24, 18, 9, 4, 11, 8, 27, 17]",315.6343631744385,1,1.0,1.0,1,1.0,1,0,"[21, 24]",180.0,0.03758460655808449,0.23046055436134338
breast_cancer,semisynthetic_real_covariates,sin(pi*x0)+x1^2+c*x2*x3 on tanh-standardized real covariates,0.5,0.05,384,512,30,2006,feature_stability_var,20,4,16,5,0.001,75,20,0.0038569798110984267,0.003137846477329731,"[0, 1, 2, 3]","[0, 1, 3, 2, 18, 15, 28, 8, 11, 27, 9, 24]",348.22317457199097,1,1.0,1.0,1,1.0,1,0,"[21, 24]",254.0,0.02341032586991787,0.21382179856300354
breast_cancer,semisynthetic_real_covariates,sin(pi*x0)+x1^2+c*x2*x3 on tanh-standardized real covariates,0.5,0.05,384,512,30,2006,feature_edge_hybrid,20,4,16,5,0.001,75,20,0.0038569798110984267,0.003137846477329731,"[0, 1, 2, 3]","[0, 1, 3, 2, 15, 28, 18, 11, 8, 27, 9, 26]",348.2236096858978,1,1.0,1.0,1,1.0,1,0,"[21, 24]",254.0,0.02341032586991787,0.21382179856300354
breast_cancer,semisynthetic_real_covariates,sin(pi*x0)+x1^2+c*x2*x3 on tanh-standardized real covariates,0.5,0.05,384,512,30,2007,feature_stability_var,20,4,16,5,0.001,75,20,0.004464258463121951,0.0037074300926178694,"[0, 1, 2, 3]","[0, 1, 2, 3, 27, 6, 29, 10, 26, 17, 24, 5]",314.466295003891,1,1.0,1.0,1,1.0,1,0,"[21, 24]",235.0,0.02555670402944088,0.22991910576820374
breast_cancer,semisynthetic_real_covariates,sin(pi*x0)+x1^2+c*x2*x3 on tanh-standardized real covariates,0.5,0.05,384,512,30,2007,feature_edge_hybrid,20,4,16,5,0.001,75,20,0.004464258463121951,0.0037074300926178694,"[0, 1, 2, 3]","[0, 1, 2, 3, 27, 6, 29, 10, 24, 26, 17, 5]",314.4667751789093,1,1.0,1.0,1,1.0,1,0,"[21, 24]",235.0,0.02555670402944088,0.22991910576820374
breast_cancer,semisynthetic_real_covariates,sin(pi*x0)+x1^2+c*x2*x3 on tanh-standardized real covariates,0.5,0.05,384,512,30,2008,feature_stability_var,20,4,16,5,0.001,75,20,0.004709229082800448,0.004066743887960911,"[0, 1, 2, 3]","[0, 1, 3, 2, 19, 20, 27, 14, 29, 9, 24, 15]",328.1544120311737,1,1.0,1.0,1,1.0,1,0,"[21, 24]",326.0,0.019168829545378685,0.1692686825990677
breast_cancer,semisynthetic_real_covariates,sin(pi*x0)+x1^2+c*x2*x3 on tanh-standardized real covariates,0.5,0.05,384,512,30,2008,feature_edge_hybrid,20,4,16,5,0.001,75,20,0.004709229082800448,0.004066743887960911,"[0, 1, 2, 3]","[0, 1, 3, 2, 19, 20, 27, 24, 8, 29, 14, 10]",328.1548523902893,1,1.0,1.0,1,1.0,1,0,"[21, 24]",326.0,0.019168829545378685,0.1692686825990677
breast_cancer,semisynthetic_real_covariates,sin(pi*x0)+x1^2+c*x2*x3 on tanh-standardized real covariates,0.5,0.05,384,512,30,2009,feature_stability_var,20,4,16,5,0.001,75,20,0.004832978616468609,0.004061941988766193,"[0, 1, 2, 3]","[0, 1, 2, 3, 27, 9, 18, 26, 8, 7, 20, 11]",307.31382942199707,1,1.0,1.0,1,1.0,1,0,"[21, 24]",241.0,0.024893932044506073,0.2444860339164734
breast_cancer,semisynthetic_real_covariates,sin(pi*x0)+x1^2+c*x2*x3 on tanh-standardized real covariates,0.5,0.05,384,512,30,2009,feature_edge_hybrid,20,4,16,5,0.001,75,20,0.004832978616468609,0.004061941988766193,"[0, 1, 2, 3]","[0, 1, 2, 3, 27, 9, 18, 26, 20, 8, 7, 11]",307.31427121162415,1,1.0,1.0,1,1.0,1,0,"[21, 24]",241.0,0.024893932044506073,0.2444860339164734
