source_file,function,explain_method,aggregation,threshold,num_runs,single_seed_mean_f1,single_seed_std_f1,single_seed_mean_auroc,single_seed_mean_auprc,stable_precision,stable_recall,stable_f1,stable_auroc,stable_auprc,stable_selected,stable_num_selected
compositional.csv,compositional,grad,selection_frequency_topk,,5,1.0,0.0,,,1.0,1.0,1.0,1.0,1.0,"[0, 1, 2]",
compositional.csv,compositional,grad,selection_frequency_threshold,0.2,5,1.0,0.0,,,1.0,1.0,1.0,,,"[0, 1, 2]",3.0
compositional.csv,compositional,grad,selection_frequency_threshold,0.4,5,1.0,0.0,,,1.0,1.0,1.0,,,"[0, 1, 2]",3.0
compositional.csv,compositional,grad,selection_frequency_threshold,0.6,5,1.0,0.0,,,1.0,1.0,1.0,,,"[0, 1, 2]",3.0
compositional.csv,compositional,grad,selection_frequency_threshold,0.8,5,1.0,0.0,,,1.0,1.0,1.0,,,"[0, 1, 2]",3.0
compositional.csv,compositional,perm,selection_frequency_topk,,5,1.0,0.0,,,1.0,1.0,1.0,1.0,1.0,"[0, 1, 2]",
compositional.csv,compositional,perm,selection_frequency_threshold,0.2,5,1.0,0.0,,,1.0,1.0,1.0,,,"[0, 1, 2]",3.0
compositional.csv,compositional,perm,selection_frequency_threshold,0.4,5,1.0,0.0,,,1.0,1.0,1.0,,,"[0, 1, 2]",3.0
compositional.csv,compositional,perm,selection_frequency_threshold,0.6,5,1.0,0.0,,,1.0,1.0,1.0,,,"[0, 1, 2]",3.0
compositional.csv,compositional,perm,selection_frequency_threshold,0.8,5,1.0,0.0,,,1.0,1.0,1.0,,,"[0, 1, 2]",3.0
core_d100_n2048_noise01.csv,core_interaction,grad,selection_frequency_topk,,5,0.6,0.22360679774997902,,,1.0,1.0,1.0,0.9791666666666666,0.6666666666666666,"[0, 1, 2, 3]",
core_d100_n2048_noise01.csv,core_interaction,grad,selection_frequency_threshold,0.2,5,0.6,0.22360679774997902,,,0.3333333333333333,1.0,0.5,,,"[0, 1, 2, 3, 11, 12, 13, 35, 71, 74, 76, 86]",12.0
core_d100_n2048_noise01.csv,core_interaction,grad,selection_frequency_threshold,0.4,5,0.6,0.22360679774997902,,,1.0,0.5,0.6666666666666666,,,"[0, 1]",2.0
core_d100_n2048_noise01.csv,core_interaction,grad,selection_frequency_threshold,0.6,5,0.6,0.22360679774997902,,,1.0,0.5,0.6666666666666666,,,"[0, 1]",2.0
core_d100_n2048_noise01.csv,core_interaction,grad,selection_frequency_threshold,0.8,5,0.6,0.22360679774997902,,,1.0,0.5,0.6666666666666666,,,"[0, 1]",2.0
core_d100_n2048_noise01.csv,core_interaction,perm,selection_frequency_topk,,5,0.65,0.22360679774997896,,,1.0,1.0,1.0,0.9908854166666667,0.8409090909090909,"[0, 1, 2, 3]",
core_d100_n2048_noise01.csv,core_interaction,perm,selection_frequency_threshold,0.2,5,0.65,0.22360679774997896,,,0.36363636363636365,1.0,0.5333333333333333,,,"[0, 1, 2, 3, 32, 33, 51, 62, 68, 79, 93]",11.0
core_d100_n2048_noise01.csv,core_interaction,perm,selection_frequency_threshold,0.4,5,0.65,0.22360679774997896,,,1.0,0.75,0.8571428571428571,,,"[0, 1, 3]",3.0
core_d100_n2048_noise01.csv,core_interaction,perm,selection_frequency_threshold,0.6,5,0.65,0.22360679774997896,,,1.0,0.5,0.6666666666666666,,,"[0, 1]",2.0
core_d100_n2048_noise01.csv,core_interaction,perm,selection_frequency_threshold,0.8,5,0.65,0.22360679774997896,,,1.0,0.5,0.6666666666666666,,,"[0, 1]",2.0
core_d100_noise00.csv,core_interaction,grad,selection_frequency_topk,,5,0.5,0.0,,,0.5,0.5,0.5,0.7239583333333334,0.52,"[0, 1, 5, 18]",
core_d100_noise00.csv,core_interaction,grad,selection_frequency_threshold,0.2,5,0.5,0.0,,,0.16666666666666666,0.5,0.25,,,"[0, 1, 5, 18, 20, 27, 35, 72, 91, 92, 95, 97]",12.0
core_d100_noise00.csv,core_interaction,grad,selection_frequency_threshold,0.4,5,0.5,0.0,,,1.0,0.5,0.6666666666666666,,,"[0, 1]",2.0
core_d100_noise00.csv,core_interaction,grad,selection_frequency_threshold,0.6,5,0.5,0.0,,,1.0,0.5,0.6666666666666666,,,"[0, 1]",2.0
core_d100_noise00.csv,core_interaction,grad,selection_frequency_threshold,0.8,5,0.5,0.0,,,1.0,0.5,0.6666666666666666,,,"[0, 1]",2.0
core_d100_noise00.csv,core_interaction,perm,selection_frequency_topk,,5,0.45,0.2091650066335189,,,0.5,0.5,0.5,0.8489583333333334,0.5725,"[0, 1, 40, 71]",
core_d100_noise00.csv,core_interaction,perm,selection_frequency_threshold,0.2,5,0.45,0.2091650066335189,,,0.25,0.75,0.375,,,"[0, 1, 2, 14, 18, 20, 23, 40, 46, 71, 79, 85]",12.0
core_d100_noise00.csv,core_interaction,perm,selection_frequency_threshold,0.4,5,0.45,0.2091650066335189,,,0.5,0.5,0.5,,,"[0, 1, 40, 71]",4.0
core_d100_noise00.csv,core_interaction,perm,selection_frequency_threshold,0.6,5,0.45,0.2091650066335189,,,1.0,0.5,0.6666666666666666,,,"[0, 1]",2.0
core_d100_noise00.csv,core_interaction,perm,selection_frequency_threshold,0.8,5,0.45,0.2091650066335189,,,1.0,0.25,0.4,,,[0],1.0
core_d100_noise00_interactions.csv,core_interaction,grad,selection_frequency_topk,,5,0.45,0.11180339887498948,0.7020833333333333,0.480403485141391,0.5,0.5,0.5,0.7213541666666666,0.52,"[0, 1, 17, 20]",
core_d100_noise00_interactions.csv,core_interaction,grad,selection_frequency_threshold,0.2,5,0.45,0.11180339887498948,0.7020833333333333,0.480403485141391,0.15384615384615385,0.5,0.23529411764705882,,,"[0, 1, 17, 20, 27, 32, 35, 45, 72, 89, 91, 95, 97]",13.0
core_d100_noise00_interactions.csv,core_interaction,grad,selection_frequency_threshold,0.4,5,0.45,0.11180339887498948,0.7020833333333333,0.480403485141391,1.0,0.5,0.6666666666666666,,,"[0, 1]",2.0
core_d100_noise00_interactions.csv,core_interaction,grad,selection_frequency_threshold,0.6,5,0.45,0.11180339887498948,0.7020833333333333,0.480403485141391,1.0,0.5,0.6666666666666666,,,"[0, 1]",2.0
core_d100_noise00_interactions.csv,core_interaction,grad,selection_frequency_threshold,0.8,5,0.45,0.11180339887498948,0.7020833333333333,0.480403485141391,1.0,0.5,0.6666666666666666,,,"[0, 1]",2.0
core_d100_noise00_interactions.csv,core_interaction,grad,mean_importance_topk,,5,0.45,0.11180339887498948,0.7020833333333333,0.480403485141391,0.5,0.5,0.5,0.6510416666666666,0.527958152958153,"[0, 1, 17, 44]",
core_d100_noise00_interactions.csv,core_interaction,perm,selection_frequency_topk,,5,0.4,0.13693063937629152,0.75625,0.47733213921983186,0.5,0.5,0.5,0.71875,0.52,"[0, 1, 10, 14]",
core_d100_noise00_interactions.csv,core_interaction,perm,selection_frequency_threshold,0.2,5,0.4,0.13693063937629152,0.75625,0.47733213921983186,0.14285714285714285,0.5,0.22222222222222224,,,"[0, 1, 10, 14, 18, 32, 48, 51, 56, 71, 77, 79, 88, 92]",14.0
core_d100_noise00_interactions.csv,core_interaction,perm,selection_frequency_threshold,0.4,5,0.4,0.13693063937629152,0.75625,0.47733213921983186,1.0,0.5,0.6666666666666666,,,"[0, 1]",2.0
core_d100_noise00_interactions.csv,core_interaction,perm,selection_frequency_threshold,0.6,5,0.4,0.13693063937629152,0.75625,0.47733213921983186,1.0,0.5,0.6666666666666666,,,"[0, 1]",2.0
core_d100_noise00_interactions.csv,core_interaction,perm,selection_frequency_threshold,0.8,5,0.4,0.13693063937629152,0.75625,0.47733213921983186,1.0,0.25,0.4,,,[0],1.0
core_d100_noise00_interactions.csv,core_interaction,perm,mean_importance_topk,,5,0.4,0.13693063937629152,0.75625,0.47733213921983186,0.5,0.5,0.5,0.75,0.573489010989011,"[0, 1, 32, 79]",
core_d100_noise00_lamb0.0001.csv,core_interaction,grad,selection_frequency_topk,,5,0.45,0.11180339887498948,,,0.5,0.5,0.5,0.7213541666666666,0.52,"[0, 1, 5, 17]",
core_d100_noise00_lamb0.0001.csv,core_interaction,grad,selection_frequency_threshold,0.2,5,0.45,0.11180339887498948,,,0.15384615384615385,0.5,0.23529411764705882,,,"[0, 1, 5, 17, 18, 20, 27, 35, 45, 72, 87, 91, 97]",13.0
core_d100_noise00_lamb0.0001.csv,core_interaction,grad,selection_frequency_threshold,0.4,5,0.45,0.11180339887498948,,,1.0,0.5,0.6666666666666666,,,"[0, 1]",2.0
core_d100_noise00_lamb0.0001.csv,core_interaction,grad,selection_frequency_threshold,0.6,5,0.45,0.11180339887498948,,,1.0,0.5,0.6666666666666666,,,"[0, 1]",2.0
core_d100_noise00_lamb0.0001.csv,core_interaction,grad,selection_frequency_threshold,0.8,5,0.45,0.11180339887498948,,,1.0,0.5,0.6666666666666666,,,"[0, 1]",2.0
core_d100_noise00_lamb0.0001.csv,core_interaction,perm,selection_frequency_topk,,5,0.5,0.0,,,0.5,0.5,0.5,0.7239583333333334,0.52,"[0, 1, 18, 31]",
core_d100_noise00_lamb0.0001.csv,core_interaction,perm,selection_frequency_threshold,0.2,5,0.5,0.0,,,0.16666666666666666,0.5,0.25,,,"[0, 1, 18, 31, 40, 48, 55, 64, 71, 79, 80, 98]",12.0
core_d100_noise00_lamb0.0001.csv,core_interaction,perm,selection_frequency_threshold,0.4,5,0.5,0.0,,,1.0,0.5,0.6666666666666666,,,"[0, 1]",2.0
core_d100_noise00_lamb0.0001.csv,core_interaction,perm,selection_frequency_threshold,0.6,5,0.5,0.0,,,1.0,0.5,0.6666666666666666,,,"[0, 1]",2.0
core_d100_noise00_lamb0.0001.csv,core_interaction,perm,selection_frequency_threshold,0.8,5,0.5,0.0,,,1.0,0.5,0.6666666666666666,,,"[0, 1]",2.0
core_d100_noise00_lamb0.001.csv,core_interaction,grad,selection_frequency_topk,,5,0.4,0.13693063937629152,,,0.5,0.5,0.5,0.71875,0.52,"[0, 1, 7, 17]",
core_d100_noise00_lamb0.001.csv,core_interaction,grad,selection_frequency_threshold,0.2,5,0.4,0.13693063937629152,,,0.14285714285714285,0.5,0.22222222222222224,,,"[0, 1, 7, 17, 18, 20, 27, 32, 35, 49, 72, 87, 91, 97]",14.0
core_d100_noise00_lamb0.001.csv,core_interaction,grad,selection_frequency_threshold,0.4,5,0.4,0.13693063937629152,,,1.0,0.5,0.6666666666666666,,,"[0, 1]",2.0
core_d100_noise00_lamb0.001.csv,core_interaction,grad,selection_frequency_threshold,0.6,5,0.4,0.13693063937629152,,,1.0,0.5,0.6666666666666666,,,"[0, 1]",2.0
core_d100_noise00_lamb0.001.csv,core_interaction,grad,selection_frequency_threshold,0.8,5,0.4,0.13693063937629152,,,1.0,0.25,0.4,,,[0],1.0
core_d100_noise00_lamb0.001.csv,core_interaction,perm,selection_frequency_topk,,5,0.45,0.11180339887498948,,,0.75,0.75,0.75,0.8476562500000001,0.5676923076923077,"[0, 1, 2, 79]",
core_d100_noise00_lamb0.001.csv,core_interaction,perm,selection_frequency_threshold,0.2,5,0.45,0.11180339887498948,,,0.23076923076923078,0.75,0.3529411764705882,,,"[0, 1, 2, 18, 20, 27, 32, 34, 35, 71, 79, 95, 98]",13.0
core_d100_noise00_lamb0.001.csv,core_interaction,perm,selection_frequency_threshold,0.4,5,0.45,0.11180339887498948,,,0.6666666666666666,0.5,0.5714285714285715,,,"[0, 1, 79]",3.0
core_d100_noise00_lamb0.001.csv,core_interaction,perm,selection_frequency_threshold,0.6,5,0.45,0.11180339887498948,,,1.0,0.5,0.6666666666666666,,,"[0, 1]",2.0
core_d100_noise00_lamb0.001.csv,core_interaction,perm,selection_frequency_threshold,0.8,5,0.45,0.11180339887498948,,,1.0,0.25,0.4,,,[0],1.0
core_d100_noise00_lamb0.01.csv,core_interaction,grad,selection_frequency_topk,,5,0.5,0.0,,,0.5,0.5,0.5,0.7239583333333334,0.52,"[0, 1, 17, 18]",
core_d100_noise00_lamb0.01.csv,core_interaction,grad,selection_frequency_threshold,0.2,5,0.5,0.0,,,0.16666666666666666,0.5,0.25,,,"[0, 1, 17, 18, 20, 27, 32, 35, 87, 91, 95, 97]",12.0
core_d100_noise00_lamb0.01.csv,core_interaction,grad,selection_frequency_threshold,0.4,5,0.5,0.0,,,1.0,0.5,0.6666666666666666,,,"[0, 1]",2.0
core_d100_noise00_lamb0.01.csv,core_interaction,grad,selection_frequency_threshold,0.6,5,0.5,0.0,,,1.0,0.5,0.6666666666666666,,,"[0, 1]",2.0
core_d100_noise00_lamb0.01.csv,core_interaction,grad,selection_frequency_threshold,0.8,5,0.5,0.0,,,1.0,0.5,0.6666666666666666,,,"[0, 1]",2.0
core_d100_noise00_lamb0.01.csv,core_interaction,perm,selection_frequency_topk,,5,0.35,0.13693063937629152,,,0.5,0.5,0.5,0.7161458333333334,0.52,"[0, 1, 18, 51]",
core_d100_noise00_lamb0.01.csv,core_interaction,perm,selection_frequency_threshold,0.2,5,0.35,0.13693063937629152,,,0.13333333333333333,0.5,0.2105263157894737,,,"[0, 1, 18, 32, 37, 40, 43, 48, 51, 56, 71, 79, 85, 97, 98]",15.0
core_d100_noise00_lamb0.01.csv,core_interaction,perm,selection_frequency_threshold,0.4,5,0.35,0.13693063937629152,,,1.0,0.5,0.6666666666666666,,,"[0, 1]",2.0
core_d100_noise00_lamb0.01.csv,core_interaction,perm,selection_frequency_threshold,0.6,5,0.35,0.13693063937629152,,,1.0,0.25,0.4,,,[0],1.0
core_d100_noise00_lamb0.01.csv,core_interaction,perm,selection_frequency_threshold,0.8,5,0.35,0.13693063937629152,,,1.0,0.25,0.4,,,[0],1.0
core_d100_noise00_lamb0.05.csv,core_interaction,grad,selection_frequency_topk,,5,0.45,0.11180339887498948,,,0.5,0.5,0.5,0.7213541666666666,0.52,"[0, 1, 17, 20]",
core_d100_noise00_lamb0.05.csv,core_interaction,grad,selection_frequency_threshold,0.2,5,0.45,0.11180339887498948,,,0.15384615384615385,0.5,0.23529411764705882,,,"[0, 1, 17, 20, 27, 35, 45, 62, 70, 87, 91, 95, 97]",13.0
core_d100_noise00_lamb0.05.csv,core_interaction,grad,selection_frequency_threshold,0.4,5,0.45,0.11180339887498948,,,1.0,0.5,0.6666666666666666,,,"[0, 1]",2.0
core_d100_noise00_lamb0.05.csv,core_interaction,grad,selection_frequency_threshold,0.6,5,0.45,0.11180339887498948,,,1.0,0.5,0.6666666666666666,,,"[0, 1]",2.0
core_d100_noise00_lamb0.05.csv,core_interaction,grad,selection_frequency_threshold,0.8,5,0.45,0.11180339887498948,,,1.0,0.5,0.6666666666666666,,,"[0, 1]",2.0
core_d100_noise00_lamb0.05.csv,core_interaction,perm,selection_frequency_topk,,5,0.45,0.11180339887498951,,,0.5,0.5,0.5,0.7239583333333334,0.52,"[0, 1, 6, 37]",
core_d100_noise00_lamb0.05.csv,core_interaction,perm,selection_frequency_threshold,0.2,5,0.45,0.11180339887498951,,,0.16666666666666666,0.5,0.25,,,"[0, 1, 6, 18, 21, 23, 30, 37, 61, 66, 71, 79]",12.0
core_d100_noise00_lamb0.05.csv,core_interaction,perm,selection_frequency_threshold,0.4,5,0.45,0.11180339887498951,,,0.6666666666666666,0.5,0.5714285714285715,,,"[0, 1, 37]",3.0
core_d100_noise00_lamb0.05.csv,core_interaction,perm,selection_frequency_threshold,0.6,5,0.45,0.11180339887498951,,,1.0,0.5,0.6666666666666666,,,"[0, 1]",2.0
core_d100_noise00_lamb0.05.csv,core_interaction,perm,selection_frequency_threshold,0.8,5,0.45,0.11180339887498951,,,1.0,0.5,0.6666666666666666,,,"[0, 1]",2.0
core_d100_noise00_lamb001.csv,core_interaction,grad,selection_frequency_topk,,5,0.45,0.11180339887498948,,,0.5,0.5,0.5,0.7213541666666666,0.52,"[0, 1, 17, 18]",
core_d100_noise00_lamb001.csv,core_interaction,grad,selection_frequency_threshold,0.2,5,0.45,0.11180339887498948,,,0.15384615384615385,0.5,0.23529411764705882,,,"[0, 1, 17, 18, 20, 27, 32, 35, 45, 87, 91, 95, 97]",13.0
core_d100_noise00_lamb001.csv,core_interaction,grad,selection_frequency_threshold,0.4,5,0.45,0.11180339887498948,,,1.0,0.5,0.6666666666666666,,,"[0, 1]",2.0
core_d100_noise00_lamb001.csv,core_interaction,grad,selection_frequency_threshold,0.6,5,0.45,0.11180339887498948,,,1.0,0.5,0.6666666666666666,,,"[0, 1]",2.0
core_d100_noise00_lamb001.csv,core_interaction,grad,selection_frequency_threshold,0.8,5,0.45,0.11180339887498948,,,1.0,0.5,0.6666666666666666,,,"[0, 1]",2.0
core_d100_noise00_lamb001.csv,core_interaction,perm,selection_frequency_topk,,5,0.5,0.0,,,0.5,0.5,0.5,0.7317708333333334,0.52,"[0, 1, 18, 71]",
core_d100_noise00_lamb001.csv,core_interaction,perm,selection_frequency_threshold,0.2,5,0.5,0.0,,,0.2222222222222222,0.5,0.30769230769230765,,,"[0, 1, 18, 20, 27, 32, 40, 71, 79]",9.0
core_d100_noise00_lamb001.csv,core_interaction,perm,selection_frequency_threshold,0.4,5,0.5,0.0,,,0.4,0.5,0.4444444444444445,,,"[0, 1, 18, 71, 79]",5.0
core_d100_noise00_lamb001.csv,core_interaction,perm,selection_frequency_threshold,0.6,5,0.5,0.0,,,1.0,0.5,0.6666666666666666,,,"[0, 1]",2.0
core_d100_noise00_lamb001.csv,core_interaction,perm,selection_frequency_threshold,0.8,5,0.5,0.0,,,1.0,0.5,0.6666666666666666,,,"[0, 1]",2.0
core_d100_noise01_seeds.csv,core_interaction,grad,selection_frequency_topk,,5,0.5,0.0,,,0.5,0.5,0.5,0.7239583333333334,0.52,"[0, 1, 18, 21]",
core_d100_noise01_seeds.csv,core_interaction,grad,selection_frequency_threshold,0.2,5,0.5,0.0,,,0.16666666666666666,0.5,0.25,,,"[0, 1, 18, 21, 27, 28, 45, 57, 71, 91, 97, 98]",12.0
core_d100_noise01_seeds.csv,core_interaction,grad,selection_frequency_threshold,0.4,5,0.5,0.0,,,1.0,0.5,0.6666666666666666,,,"[0, 1]",2.0
core_d100_noise01_seeds.csv,core_interaction,grad,selection_frequency_threshold,0.6,5,0.5,0.0,,,1.0,0.5,0.6666666666666666,,,"[0, 1]",2.0
core_d100_noise01_seeds.csv,core_interaction,grad,selection_frequency_threshold,0.8,5,0.5,0.0,,,1.0,0.5,0.6666666666666666,,,"[0, 1]",2.0
core_d100_noise01_seeds.csv,core_interaction,perm,selection_frequency_topk,,5,0.45,0.2091650066335189,,,0.75,0.75,0.75,0.8463541666666666,0.5635714285714286,"[0, 1, 2, 6]",
core_d100_noise01_seeds.csv,core_interaction,perm,selection_frequency_threshold,0.2,5,0.45,0.2091650066335189,,,0.21428571428571427,0.75,0.3333333333333333,,,"[0, 1, 2, 6, 8, 10, 34, 36, 41, 52, 61, 64, 74, 90]",14.0
core_d100_noise01_seeds.csv,core_interaction,perm,selection_frequency_threshold,0.4,5,0.45,0.2091650066335189,,,1.0,0.5,0.6666666666666666,,,"[0, 1]",2.0
core_d100_noise01_seeds.csv,core_interaction,perm,selection_frequency_threshold,0.6,5,0.45,0.2091650066335189,,,1.0,0.5,0.6666666666666666,,,"[0, 1]",2.0
core_d100_noise01_seeds.csv,core_interaction,perm,selection_frequency_threshold,0.8,5,0.45,0.2091650066335189,,,1.0,0.25,0.4,,,[0],1.0
core_d100_nonoracle.csv,core_interaction,grad,selection_frequency_topk,,5,0.45,0.11180339887498948,0.7130208333333334,0.512491908213916,0.5,0.5,0.5,0.7213541666666666,0.52,"[0, 1, 5, 6]",
core_d100_nonoracle.csv,core_interaction,grad,selection_frequency_threshold,0.2,5,0.45,0.11180339887498948,0.7130208333333334,0.512491908213916,0.15384615384615385,0.5,0.23529411764705882,,,"[0, 1, 5, 6, 18, 20, 27, 35, 45, 87, 91, 95, 97]",13.0
core_d100_nonoracle.csv,core_interaction,grad,selection_frequency_threshold,0.4,5,0.45,0.11180339887498948,0.7130208333333334,0.512491908213916,1.0,0.5,0.6666666666666666,,,"[0, 1]",2.0
core_d100_nonoracle.csv,core_interaction,grad,selection_frequency_threshold,0.6,5,0.45,0.11180339887498948,0.7130208333333334,0.512491908213916,1.0,0.5,0.6666666666666666,,,"[0, 1]",2.0
core_d100_nonoracle.csv,core_interaction,grad,selection_frequency_threshold,0.8,5,0.45,0.11180339887498948,0.7130208333333334,0.512491908213916,1.0,0.5,0.6666666666666666,,,"[0, 1]",2.0
core_d100_nonoracle.csv,core_interaction,grad,mean_importance_topk,,5,0.45,0.11180339887498948,0.7130208333333334,0.512491908213916,0.5,0.5,0.5,0.6484375,0.5275428705661264,"[0, 1, 32, 98]",
core_d100_nonoracle.csv,core_interaction,perm,selection_frequency_topk,,5,0.45,0.11180339887498951,0.80859375,0.5182807177492335,0.5,0.5,0.5,0.7213541666666666,0.52,"[0, 1, 23, 31]",
core_d100_nonoracle.csv,core_interaction,perm,selection_frequency_threshold,0.2,5,0.45,0.11180339887498951,0.80859375,0.5182807177492335,0.15384615384615385,0.5,0.23529411764705882,,,"[0, 1, 19, 23, 27, 29, 31, 40, 44, 51, 71, 80, 91]",13.0
core_d100_nonoracle.csv,core_interaction,perm,selection_frequency_threshold,0.4,5,0.45,0.11180339887498951,0.80859375,0.5182807177492335,1.0,0.5,0.6666666666666666,,,"[0, 1]",2.0
core_d100_nonoracle.csv,core_interaction,perm,selection_frequency_threshold,0.6,5,0.45,0.11180339887498951,0.80859375,0.5182807177492335,1.0,0.5,0.6666666666666666,,,"[0, 1]",2.0
core_d100_nonoracle.csv,core_interaction,perm,selection_frequency_threshold,0.8,5,0.45,0.11180339887498951,0.80859375,0.5182807177492335,1.0,0.5,0.6666666666666666,,,"[0, 1]",2.0
core_d100_nonoracle.csv,core_interaction,perm,mean_importance_topk,,5,0.45,0.11180339887498951,0.80859375,0.5182807177492335,0.5,0.5,0.5,0.8359375,0.5510335917312661,"[0, 1, 18, 71]",
core_d50_noise01_seeds.csv,core_interaction,grad,selection_frequency_topk,,5,0.75,0.25,,,1.0,1.0,1.0,1.0,1.0,"[0, 1, 2, 3]",
core_d50_noise01_seeds.csv,core_interaction,grad,selection_frequency_threshold,0.2,5,0.75,0.25,,,0.4444444444444444,1.0,0.6153846153846153,,,"[0, 1, 2, 3, 7, 11, 17, 41, 44]",9.0
core_d50_noise01_seeds.csv,core_interaction,grad,selection_frequency_threshold,0.4,5,0.75,0.25,,,1.0,1.0,1.0,,,"[0, 1, 2, 3]",4.0
core_d50_noise01_seeds.csv,core_interaction,grad,selection_frequency_threshold,0.6,5,0.75,0.25,,,1.0,0.75,0.8571428571428571,,,"[0, 1, 2]",3.0
core_d50_noise01_seeds.csv,core_interaction,grad,selection_frequency_threshold,0.8,5,0.75,0.25,,,1.0,0.5,0.6666666666666666,,,"[0, 1]",2.0
core_d50_noise01_seeds.csv,core_interaction,perm,selection_frequency_topk,,5,0.7,0.2091650066335189,,,1.0,1.0,1.0,0.983695652173913,0.85,"[0, 1, 2, 3]",
core_d50_noise01_seeds.csv,core_interaction,perm,selection_frequency_threshold,0.2,5,0.7,0.2091650066335189,,,0.4,1.0,0.5714285714285715,,,"[0, 1, 2, 3, 7, 35, 36, 38, 42, 48]",10.0
core_d50_noise01_seeds.csv,core_interaction,perm,selection_frequency_threshold,0.4,5,0.7,0.2091650066335189,,,1.0,0.75,0.8571428571428571,,,"[0, 1, 3]",3.0
core_d50_noise01_seeds.csv,core_interaction,perm,selection_frequency_threshold,0.6,5,0.7,0.2091650066335189,,,1.0,0.75,0.8571428571428571,,,"[0, 1, 3]",3.0
core_d50_noise01_seeds.csv,core_interaction,perm,selection_frequency_threshold,0.8,5,0.7,0.2091650066335189,,,1.0,0.5,0.6666666666666666,,,"[0, 1]",2.0
core_interaction.csv,core_interaction,grad,selection_frequency_topk,,5,1.0,0.0,,,1.0,1.0,1.0,1.0,1.0,"[0, 1, 2, 3]",
core_interaction.csv,core_interaction,grad,selection_frequency_threshold,0.2,5,1.0,0.0,,,1.0,1.0,1.0,,,"[0, 1, 2, 3]",4.0
core_interaction.csv,core_interaction,grad,selection_frequency_threshold,0.4,5,1.0,0.0,,,1.0,1.0,1.0,,,"[0, 1, 2, 3]",4.0
core_interaction.csv,core_interaction,grad,selection_frequency_threshold,0.6,5,1.0,0.0,,,1.0,1.0,1.0,,,"[0, 1, 2, 3]",4.0
core_interaction.csv,core_interaction,grad,selection_frequency_threshold,0.8,5,1.0,0.0,,,1.0,1.0,1.0,,,"[0, 1, 2, 3]",4.0
core_interaction.csv,core_interaction,perm,selection_frequency_topk,,5,1.0,0.0,,,1.0,1.0,1.0,1.0,1.0,"[0, 1, 2, 3]",
core_interaction.csv,core_interaction,perm,selection_frequency_threshold,0.2,5,1.0,0.0,,,1.0,1.0,1.0,,,"[0, 1, 2, 3]",4.0
core_interaction.csv,core_interaction,perm,selection_frequency_threshold,0.4,5,1.0,0.0,,,1.0,1.0,1.0,,,"[0, 1, 2, 3]",4.0
core_interaction.csv,core_interaction,perm,selection_frequency_threshold,0.6,5,1.0,0.0,,,1.0,1.0,1.0,,,"[0, 1, 2, 3]",4.0
core_interaction.csv,core_interaction,perm,selection_frequency_threshold,0.8,5,1.0,0.0,,,1.0,1.0,1.0,,,"[0, 1, 2, 3]",4.0
core_interaction_with_interactions.csv,core_interaction,grad,selection_frequency_topk,,5,1.0,0.0,,,1.0,1.0,1.0,1.0,1.0,"[0, 1, 2, 3]",
core_interaction_with_interactions.csv,core_interaction,grad,selection_frequency_threshold,0.2,5,1.0,0.0,,,1.0,1.0,1.0,,,"[0, 1, 2, 3]",4.0
core_interaction_with_interactions.csv,core_interaction,grad,selection_frequency_threshold,0.4,5,1.0,0.0,,,1.0,1.0,1.0,,,"[0, 1, 2, 3]",4.0
core_interaction_with_interactions.csv,core_interaction,grad,selection_frequency_threshold,0.6,5,1.0,0.0,,,1.0,1.0,1.0,,,"[0, 1, 2, 3]",4.0
core_interaction_with_interactions.csv,core_interaction,grad,selection_frequency_threshold,0.8,5,1.0,0.0,,,1.0,1.0,1.0,,,"[0, 1, 2, 3]",4.0
core_interaction_with_interactions.csv,core_interaction,perm,selection_frequency_topk,,5,1.0,0.0,,,1.0,1.0,1.0,1.0,1.0,"[0, 1, 2, 3]",
core_interaction_with_interactions.csv,core_interaction,perm,selection_frequency_threshold,0.2,5,1.0,0.0,,,1.0,1.0,1.0,,,"[0, 1, 2, 3]",4.0
core_interaction_with_interactions.csv,core_interaction,perm,selection_frequency_threshold,0.4,5,1.0,0.0,,,1.0,1.0,1.0,,,"[0, 1, 2, 3]",4.0
core_interaction_with_interactions.csv,core_interaction,perm,selection_frequency_threshold,0.6,5,1.0,0.0,,,1.0,1.0,1.0,,,"[0, 1, 2, 3]",4.0
core_interaction_with_interactions.csv,core_interaction,perm,selection_frequency_threshold,0.8,5,1.0,0.0,,,1.0,1.0,1.0,,,"[0, 1, 2, 3]",4.0
correlated_proxy.csv,correlated_proxy,grad,selection_frequency_topk,,5,1.0,0.0,1.0,1.0,1.0,1.0,1.0,1.0,1.0,"[0, 1, 2, 3]",
correlated_proxy.csv,correlated_proxy,grad,selection_frequency_threshold,0.2,5,1.0,0.0,1.0,1.0,1.0,1.0,1.0,,,"[0, 1, 2, 3]",4.0
correlated_proxy.csv,correlated_proxy,grad,selection_frequency_threshold,0.4,5,1.0,0.0,1.0,1.0,1.0,1.0,1.0,,,"[0, 1, 2, 3]",4.0
correlated_proxy.csv,correlated_proxy,grad,selection_frequency_threshold,0.6,5,1.0,0.0,1.0,1.0,1.0,1.0,1.0,,,"[0, 1, 2, 3]",4.0
correlated_proxy.csv,correlated_proxy,grad,selection_frequency_threshold,0.8,5,1.0,0.0,1.0,1.0,1.0,1.0,1.0,,,"[0, 1, 2, 3]",4.0
correlated_proxy.csv,correlated_proxy,grad,mean_importance_topk,,5,1.0,0.0,1.0,1.0,1.0,1.0,1.0,1.0,1.0,"[0, 1, 2, 3]",
correlated_proxy.csv,correlated_proxy,perm,selection_frequency_topk,,5,1.0,0.0,1.0,1.0,1.0,1.0,1.0,1.0,1.0,"[0, 1, 2, 3]",
correlated_proxy.csv,correlated_proxy,perm,selection_frequency_threshold,0.2,5,1.0,0.0,1.0,1.0,1.0,1.0,1.0,,,"[0, 1, 2, 3]",4.0
correlated_proxy.csv,correlated_proxy,perm,selection_frequency_threshold,0.4,5,1.0,0.0,1.0,1.0,1.0,1.0,1.0,,,"[0, 1, 2, 3]",4.0
correlated_proxy.csv,correlated_proxy,perm,selection_frequency_threshold,0.6,5,1.0,0.0,1.0,1.0,1.0,1.0,1.0,,,"[0, 1, 2, 3]",4.0
correlated_proxy.csv,correlated_proxy,perm,selection_frequency_threshold,0.8,5,1.0,0.0,1.0,1.0,1.0,1.0,1.0,,,"[0, 1, 2, 3]",4.0
correlated_proxy.csv,correlated_proxy,perm,mean_importance_topk,,5,1.0,0.0,1.0,1.0,1.0,1.0,1.0,1.0,1.0,"[0, 1, 2, 3]",
correlated_proxy_d100_n512_noise005.csv,correlated_proxy,grad,selection_frequency_topk,,5,0.25,0.1767766952966369,0.6208333333333333,0.240458442895928,0.5,0.5,0.5,0.6979166666666666,0.30333333333333334,"[0, 2, 4, 8]",
correlated_proxy_d100_n512_noise005.csv,correlated_proxy,grad,selection_frequency_threshold,0.2,5,0.25,0.1767766952966369,0.6208333333333333,0.240458442895928,0.13333333333333333,0.5,0.2105263157894737,,,"[0, 2, 4, 8, 9, 16, 21, 23, 25, 48, 59, 64, 67, 73, 96]",15.0
correlated_proxy_d100_n512_noise005.csv,correlated_proxy,grad,selection_frequency_threshold,0.4,5,0.25,0.1767766952966369,0.6208333333333333,0.240458442895928,0.5,0.25,0.3333333333333333,,,"[0, 4]",2.0
correlated_proxy_d100_n512_noise005.csv,correlated_proxy,grad,selection_frequency_threshold,0.6,5,0.25,0.1767766952966369,0.6208333333333333,0.240458442895928,0.5,0.25,0.3333333333333333,,,"[0, 4]",2.0
correlated_proxy_d100_n512_noise005.csv,correlated_proxy,grad,selection_frequency_threshold,0.8,5,0.25,0.1767766952966369,0.6208333333333333,0.240458442895928,1.0,0.25,0.4,,,[0],1.0
correlated_proxy_d100_n512_noise005.csv,correlated_proxy,grad,mean_importance_topk,,5,0.25,0.1767766952966369,0.6208333333333333,0.240458442895928,0.25,0.25,0.25,0.6822916666666666,0.30547619047619046,"[0, 4, 47, 69]",
correlated_proxy_d100_n512_noise005.csv,correlated_proxy,perm,selection_frequency_topk,,5,0.4,0.22360679774997896,0.7190104166666667,0.4250571647098556,0.5,0.5,0.5,0.9609375,0.5,"[0, 2, 4, 95]",
correlated_proxy_d100_n512_noise005.csv,correlated_proxy,perm,selection_frequency_threshold,0.2,5,0.4,0.22360679774997896,0.7190104166666667,0.4250571647098556,0.3333333333333333,1.0,0.5,,,"[0, 1, 2, 3, 4, 6, 11, 15, 33, 59, 73, 95]",12.0
correlated_proxy_d100_n512_noise005.csv,correlated_proxy,perm,selection_frequency_threshold,0.4,5,0.4,0.22360679774997896,0.7190104166666667,0.4250571647098556,0.3333333333333333,0.25,0.28571428571428575,,,"[0, 4, 95]",3.0
correlated_proxy_d100_n512_noise005.csv,correlated_proxy,perm,selection_frequency_threshold,0.6,5,0.4,0.22360679774997896,0.7190104166666667,0.4250571647098556,0.5,0.25,0.3333333333333333,,,"[0, 4]",2.0
correlated_proxy_d100_n512_noise005.csv,correlated_proxy,perm,selection_frequency_threshold,0.8,5,0.4,0.22360679774997896,0.7190104166666667,0.4250571647098556,0.5,0.25,0.3333333333333333,,,"[0, 4]",2.0
correlated_proxy_d100_n512_noise005.csv,correlated_proxy,perm,mean_importance_topk,,5,0.4,0.22360679774997896,0.7190104166666667,0.4250571647098556,0.5,0.5,0.5,0.890625,0.4490909090909091,"[0, 2, 4, 15]",
sweep.csv,core_interaction,grad,selection_frequency_topk,,80,0.884375,0.1863360496997871,,,1.0,1.0,1.0,1.0,1.0,"[0, 1, 2, 3]",
sweep.csv,core_interaction,grad,selection_frequency_threshold,0.2,80,0.884375,0.1863360496997871,,,1.0,1.0,1.0,,,"[0, 1, 2, 3]",4.0
sweep.csv,core_interaction,grad,selection_frequency_threshold,0.4,80,0.884375,0.1863360496997871,,,1.0,1.0,1.0,,,"[0, 1, 2, 3]",4.0
sweep.csv,core_interaction,grad,selection_frequency_threshold,0.6,80,0.884375,0.1863360496997871,,,1.0,1.0,1.0,,,"[0, 1, 2, 3]",4.0
sweep.csv,core_interaction,grad,selection_frequency_threshold,0.8,80,0.884375,0.1863360496997871,,,1.0,0.75,0.8571428571428571,,,"[0, 1, 3]",3.0
sweep.csv,core_interaction,perm,selection_frequency_topk,,80,0.90625,0.16096524508906349,,,1.0,1.0,1.0,1.0,1.0,"[0, 1, 2, 3]",
sweep.csv,core_interaction,perm,selection_frequency_threshold,0.2,80,0.90625,0.16096524508906349,,,1.0,1.0,1.0,,,"[0, 1, 2, 3]",4.0
sweep.csv,core_interaction,perm,selection_frequency_threshold,0.4,80,0.90625,0.16096524508906349,,,1.0,1.0,1.0,,,"[0, 1, 2, 3]",4.0
sweep.csv,core_interaction,perm,selection_frequency_threshold,0.6,80,0.90625,0.16096524508906349,,,1.0,1.0,1.0,,,"[0, 1, 2, 3]",4.0
sweep.csv,core_interaction,perm,selection_frequency_threshold,0.8,80,0.90625,0.16096524508906349,,,1.0,1.0,1.0,,,"[0, 1, 2, 3]",4.0
synthetic.csv,core_interaction,grad,selection_frequency_topk,,5,1.0,0.0,,,1.0,1.0,1.0,1.0,1.0,"[0, 1, 2, 3]",
synthetic.csv,core_interaction,grad,selection_frequency_threshold,0.2,5,1.0,0.0,,,1.0,1.0,1.0,,,"[0, 1, 2, 3]",4.0
synthetic.csv,core_interaction,grad,selection_frequency_threshold,0.4,5,1.0,0.0,,,1.0,1.0,1.0,,,"[0, 1, 2, 3]",4.0
synthetic.csv,core_interaction,grad,selection_frequency_threshold,0.6,5,1.0,0.0,,,1.0,1.0,1.0,,,"[0, 1, 2, 3]",4.0
synthetic.csv,core_interaction,grad,selection_frequency_threshold,0.8,5,1.0,0.0,,,1.0,1.0,1.0,,,"[0, 1, 2, 3]",4.0
synthetic.csv,core_interaction,perm,selection_frequency_topk,,5,1.0,0.0,,,1.0,1.0,1.0,1.0,1.0,"[0, 1, 2, 3]",
synthetic.csv,core_interaction,perm,selection_frequency_threshold,0.2,5,1.0,0.0,,,1.0,1.0,1.0,,,"[0, 1, 2, 3]",4.0
synthetic.csv,core_interaction,perm,selection_frequency_threshold,0.4,5,1.0,0.0,,,1.0,1.0,1.0,,,"[0, 1, 2, 3]",4.0
synthetic.csv,core_interaction,perm,selection_frequency_threshold,0.6,5,1.0,0.0,,,1.0,1.0,1.0,,,"[0, 1, 2, 3]",4.0
synthetic.csv,core_interaction,perm,selection_frequency_threshold,0.8,5,1.0,0.0,,,1.0,1.0,1.0,,,"[0, 1, 2, 3]",4.0
capacity_d100_w2_g3.csv,core_interaction,grad,selection_frequency_topk,,5,0.55,0.11180339887498947,0.7979166666666667,0.5690272694239084,0.75,0.75,0.75,0.86328125,0.76,"[0, 1, 2, 7]",
capacity_d100_w2_g3.csv,core_interaction,grad,selection_frequency_threshold,0.2,5,0.55,0.11180339887498947,0.7979166666666667,0.5690272694239084,0.25,0.75,0.375,,,"[0, 1, 2, 7, 34, 37, 41, 56, 62, 64, 80, 82]",12.0
capacity_d100_w2_g3.csv,core_interaction,grad,selection_frequency_threshold,0.4,5,0.55,0.11180339887498947,0.7979166666666667,0.5690272694239084,1.0,0.75,0.8571428571428571,,,"[0, 1, 2]",3.0
capacity_d100_w2_g3.csv,core_interaction,grad,selection_frequency_threshold,0.6,5,0.55,0.11180339887498947,0.7979166666666667,0.5690272694239084,1.0,0.5,0.6666666666666666,,,"[0, 1]",2.0
capacity_d100_w2_g3.csv,core_interaction,grad,selection_frequency_threshold,0.8,5,0.55,0.11180339887498947,0.7979166666666667,0.5690272694239084,1.0,0.5,0.6666666666666666,,,"[0, 1]",2.0
capacity_d100_w2_g3.csv,core_interaction,grad,mean_importance_topk,,5,0.55,0.11180339887498947,0.7979166666666667,0.5690272694239084,0.5,0.5,0.5,0.8463541666666667,0.6663934426229507,"[0, 1, 7, 99]",
capacity_d100_w2_g3.csv,core_interaction,perm,selection_frequency_topk,,5,0.2,0.2091650066335189,0.56484375,0.24598950332821298,0.5,0.5,0.5,0.6875,0.2977777777777778,"[0, 1, 10, 15]",
capacity_d100_w2_g3.csv,core_interaction,perm,selection_frequency_threshold,0.2,5,0.2,0.2091650066335189,0.56484375,0.24598950332821298,0.1111111111111111,0.5,0.1818181818181818,,,"[0, 1, 10, 15, 18, 19, 30, 44, 45, 48, 59, 61, 65, 66, 79, 93, 97, 99]",18.0
capacity_d100_w2_g3.csv,core_interaction,perm,selection_frequency_threshold,0.4,5,0.2,0.2091650066335189,0.56484375,0.24598950332821298,1.0,0.25,0.4,,,[0],1.0
capacity_d100_w2_g3.csv,core_interaction,perm,selection_frequency_threshold,0.6,5,0.2,0.2091650066335189,0.56484375,0.24598950332821298,1.0,0.25,0.4,,,[0],1.0
capacity_d100_w2_g3.csv,core_interaction,perm,selection_frequency_threshold,0.8,5,0.2,0.2091650066335189,0.56484375,0.24598950332821298,0.0,0.0,0.0,,,[],0.0
capacity_d100_w2_g3.csv,core_interaction,perm,mean_importance_topk,,5,0.2,0.2091650066335189,0.56484375,0.24598950332821298,0.25,0.25,0.25,0.6640625,0.302289503569111,"[0, 19, 30, 66]",
capacity_d100_w2_g5.csv,core_interaction,grad,selection_frequency_topk,,5,0.4,0.13693063937629152,0.7197916666666666,0.4615476111142236,0.5,0.5,0.5,0.71875,0.52,"[0, 1, 9, 14]",
capacity_d100_w2_g5.csv,core_interaction,grad,selection_frequency_threshold,0.2,5,0.4,0.13693063937629152,0.7197916666666666,0.4615476111142236,0.14285714285714285,0.5,0.22222222222222224,,,"[0, 1, 9, 14, 17, 23, 31, 33, 37, 41, 47, 88, 95, 96]",14.0
capacity_d100_w2_g5.csv,core_interaction,grad,selection_frequency_threshold,0.4,5,0.4,0.13693063937629152,0.7197916666666666,0.4615476111142236,1.0,0.5,0.6666666666666666,,,"[0, 1]",2.0
capacity_d100_w2_g5.csv,core_interaction,grad,selection_frequency_threshold,0.6,5,0.4,0.13693063937629152,0.7197916666666666,0.4615476111142236,1.0,0.5,0.6666666666666666,,,"[0, 1]",2.0
capacity_d100_w2_g5.csv,core_interaction,grad,selection_frequency_threshold,0.8,5,0.4,0.13693063937629152,0.7197916666666666,0.4615476111142236,1.0,0.25,0.4,,,[0],1.0
capacity_d100_w2_g5.csv,core_interaction,grad,mean_importance_topk,,5,0.4,0.13693063937629152,0.7197916666666666,0.4615476111142236,0.5,0.5,0.5,0.7057291666666667,0.5368510799545283,"[0, 1, 79, 95]",
capacity_d100_w2_g5.csv,core_interaction,perm,selection_frequency_topk,,5,0.25,0.25,0.5481770833333333,0.2907841311231142,0.5,0.5,0.5,0.7122395833333334,0.43666666666666665,"[0, 1, 22, 37]",
capacity_d100_w2_g5.csv,core_interaction,perm,selection_frequency_threshold,0.2,5,0.25,0.25,0.5481770833333333,0.2907841311231142,0.125,0.5,0.2,,,"[0, 1, 19, 22, 25, 28, 33, 35, 37, 41, 59, 66, 74, 82, 90, 93]",16.0
capacity_d100_w2_g5.csv,core_interaction,perm,selection_frequency_threshold,0.4,5,0.25,0.25,0.5481770833333333,0.2907841311231142,0.6666666666666666,0.5,0.5714285714285715,,,"[0, 1, 37]",3.0
capacity_d100_w2_g5.csv,core_interaction,perm,selection_frequency_threshold,0.6,5,0.25,0.25,0.5481770833333333,0.2907841311231142,1.0,0.25,0.4,,,[0],1.0
capacity_d100_w2_g5.csv,core_interaction,perm,selection_frequency_threshold,0.8,5,0.25,0.25,0.5481770833333333,0.2907841311231142,0.0,0.0,0.0,,,[],0.0
capacity_d100_w2_g5.csv,core_interaction,perm,mean_importance_topk,,5,0.25,0.25,0.5481770833333333,0.2907841311231142,0.25,0.25,0.25,0.5234375,0.29931308049535604,"[0, 28, 37, 90]",
capacity_d100_w4_g3.csv,core_interaction,grad,selection_frequency_topk,,5,0.45,0.11180339887498951,0.7802083333333333,0.5162006352142354,0.5,0.5,0.5,0.7239583333333334,0.52,"[0, 1, 17, 25]",
capacity_d100_w4_g3.csv,core_interaction,grad,selection_frequency_threshold,0.2,5,0.45,0.11180339887498951,0.7802083333333333,0.5162006352142354,0.16666666666666666,0.5,0.25,,,"[0, 1, 17, 25, 42, 51, 56, 66, 68, 71, 87, 99]",12.0
capacity_d100_w4_g3.csv,core_interaction,grad,selection_frequency_threshold,0.4,5,0.45,0.11180339887498951,0.7802083333333333,0.5162006352142354,0.6666666666666666,0.5,0.5714285714285715,,,"[0, 1, 25]",3.0
capacity_d100_w4_g3.csv,core_interaction,grad,selection_frequency_threshold,0.6,5,0.45,0.11180339887498951,0.7802083333333333,0.5162006352142354,1.0,0.5,0.6666666666666666,,,"[0, 1]",2.0
capacity_d100_w4_g3.csv,core_interaction,grad,selection_frequency_threshold,0.8,5,0.45,0.11180339887498951,0.7802083333333333,0.5162006352142354,1.0,0.5,0.6666666666666666,,,"[0, 1]",2.0
capacity_d100_w4_g3.csv,core_interaction,grad,mean_importance_topk,,5,0.45,0.11180339887498951,0.7802083333333333,0.5162006352142354,0.5,0.5,0.5,0.765625,0.5592206790123457,"[0, 1, 25, 99]",
capacity_d100_w4_g3.csv,core_interaction,perm,selection_frequency_topk,,5,0.25,0.1767766952966369,0.7341145833333333,0.30644065715233226,0.5,0.5,0.5,0.6940104166666666,0.30125,"[0, 1, 4, 73]",
capacity_d100_w4_g3.csv,core_interaction,perm,selection_frequency_threshold,0.2,5,0.25,0.1767766952966369,0.7341145833333333,0.30644065715233226,0.125,0.5,0.2,,,"[0, 1, 4, 15, 29, 38, 48, 49, 58, 68, 70, 73, 77, 82, 93, 97]",16.0
capacity_d100_w4_g3.csv,core_interaction,perm,selection_frequency_threshold,0.4,5,0.25,0.1767766952966369,0.7341145833333333,0.30644065715233226,0.5,0.25,0.3333333333333333,,,"[0, 73]",2.0
capacity_d100_w4_g3.csv,core_interaction,perm,selection_frequency_threshold,0.6,5,0.25,0.1767766952966369,0.7341145833333333,0.30644065715233226,1.0,0.25,0.4,,,[0],1.0
capacity_d100_w4_g3.csv,core_interaction,perm,selection_frequency_threshold,0.8,5,0.25,0.1767766952966369,0.7341145833333333,0.30644065715233226,1.0,0.25,0.4,,,[0],1.0
capacity_d100_w4_g3.csv,core_interaction,perm,mean_importance_topk,,5,0.25,0.1767766952966369,0.7341145833333333,0.30644065715233226,0.25,0.25,0.25,0.7552083333333333,0.36333333333333334,"[0, 4, 17, 73]",
capacity_d100_w4_g5.csv,core_interaction,grad,selection_frequency_topk,,5,0.5,0.0,0.7864583333333333,0.5341090072477743,0.5,0.5,0.5,0.7265625,0.52,"[0, 1, 15, 75]",
capacity_d100_w4_g5.csv,core_interaction,grad,selection_frequency_threshold,0.2,5,0.5,0.0,0.7864583333333333,0.5341090072477743,0.18181818181818182,0.5,0.26666666666666666,,,"[0, 1, 15, 31, 47, 57, 59, 67, 71, 75, 96]",11.0
capacity_d100_w4_g5.csv,core_interaction,grad,selection_frequency_threshold,0.4,5,0.5,0.0,0.7864583333333333,0.5341090072477743,0.6666666666666666,0.5,0.5714285714285715,,,"[0, 1, 75]",3.0
capacity_d100_w4_g5.csv,core_interaction,grad,selection_frequency_threshold,0.6,5,0.5,0.0,0.7864583333333333,0.5341090072477743,1.0,0.5,0.6666666666666666,,,"[0, 1]",2.0
capacity_d100_w4_g5.csv,core_interaction,grad,selection_frequency_threshold,0.8,5,0.5,0.0,0.7864583333333333,0.5341090072477743,1.0,0.5,0.6666666666666666,,,"[0, 1]",2.0
capacity_d100_w4_g5.csv,core_interaction,grad,mean_importance_topk,,5,0.5,0.0,0.7864583333333333,0.5341090072477743,0.5,0.5,0.5,0.7864583333333334,0.5466346153846153,"[0, 1, 82, 89]",
capacity_d100_w4_g5.csv,core_interaction,perm,selection_frequency_topk,,5,0.4,0.13693063937629152,0.7356770833333333,0.4066309523809523,0.5,0.5,0.5,0.71875,0.52,"[0, 1, 17, 58]",
capacity_d100_w4_g5.csv,core_interaction,perm,selection_frequency_threshold,0.2,5,0.4,0.13693063937629152,0.7356770833333333,0.4066309523809523,0.14285714285714285,0.5,0.22222222222222224,,,"[0, 1, 17, 32, 35, 41, 45, 56, 57, 58, 68, 81, 89, 96]",14.0
capacity_d100_w4_g5.csv,core_interaction,perm,selection_frequency_threshold,0.4,5,0.4,0.13693063937629152,0.7356770833333333,0.4066309523809523,1.0,0.5,0.6666666666666666,,,"[0, 1]",2.0
capacity_d100_w4_g5.csv,core_interaction,perm,selection_frequency_threshold,0.6,5,0.4,0.13693063937629152,0.7356770833333333,0.4066309523809523,1.0,0.5,0.6666666666666666,,,"[0, 1]",2.0
capacity_d100_w4_g5.csv,core_interaction,perm,selection_frequency_threshold,0.8,5,0.4,0.13693063937629152,0.7356770833333333,0.4066309523809523,1.0,0.25,0.4,,,[0],1.0
capacity_d100_w4_g5.csv,core_interaction,perm,mean_importance_topk,,5,0.4,0.13693063937629152,0.7356770833333333,0.4066309523809523,0.5,0.5,0.5,0.8958333333333333,0.5134199134199133,"[0, 1, 17, 45]",
capacity_d100_w8_g3.csv,core_interaction,grad,selection_frequency_topk,,5,0.55,0.11180339887498947,0.7578124999999999,0.5980203064870059,0.5,0.5,0.5,0.8541666666666667,0.585,"[0, 1, 40, 58]",
capacity_d100_w8_g3.csv,core_interaction,grad,selection_frequency_threshold,0.2,5,0.55,0.11180339887498947,0.7578124999999999,0.5980203064870059,0.3,0.75,0.4285714285714285,,,"[0, 1, 3, 34, 35, 40, 58, 80, 91, 99]",10.0
capacity_d100_w8_g3.csv,core_interaction,grad,selection_frequency_threshold,0.4,5,0.55,0.11180339887498947,0.7578124999999999,0.5980203064870059,0.5,0.5,0.5,,,"[0, 1, 40, 58]",4.0
capacity_d100_w8_g3.csv,core_interaction,grad,selection_frequency_threshold,0.6,5,0.55,0.11180339887498947,0.7578124999999999,0.5980203064870059,1.0,0.5,0.6666666666666666,,,"[0, 1]",2.0
capacity_d100_w8_g3.csv,core_interaction,grad,selection_frequency_threshold,0.8,5,0.55,0.11180339887498947,0.7578124999999999,0.5980203064870059,1.0,0.5,0.6666666666666666,,,"[0, 1]",2.0
capacity_d100_w8_g3.csv,core_interaction,grad,mean_importance_topk,,5,0.55,0.11180339887498947,0.7578124999999999,0.5980203064870059,0.5,0.5,0.5,0.8072916666666667,0.5890845070422535,"[0, 1, 40, 58]",
capacity_d100_w8_g3.csv,core_interaction,perm,selection_frequency_topk,,5,0.45,0.11180339887498951,0.6989583333333333,0.486024559318677,0.5,0.5,0.5,0.7213541666666666,0.52,"[0, 1, 8, 10]",
capacity_d100_w8_g3.csv,core_interaction,perm,selection_frequency_threshold,0.2,5,0.45,0.11180339887498951,0.6989583333333333,0.486024559318677,0.15384615384615385,0.5,0.23529411764705882,,,"[0, 1, 8, 10, 17, 20, 48, 60, 63, 68, 71, 95, 96]",13.0
capacity_d100_w8_g3.csv,core_interaction,perm,selection_frequency_threshold,0.4,5,0.45,0.11180339887498951,0.6989583333333333,0.486024559318677,1.0,0.5,0.6666666666666666,,,"[0, 1]",2.0
capacity_d100_w8_g3.csv,core_interaction,perm,selection_frequency_threshold,0.6,5,0.45,0.11180339887498951,0.6989583333333333,0.486024559318677,1.0,0.5,0.6666666666666666,,,"[0, 1]",2.0
capacity_d100_w8_g3.csv,core_interaction,perm,selection_frequency_threshold,0.8,5,0.45,0.11180339887498951,0.6989583333333333,0.486024559318677,1.0,0.5,0.6666666666666666,,,"[0, 1]",2.0
capacity_d100_w8_g3.csv,core_interaction,perm,mean_importance_topk,,5,0.45,0.11180339887498951,0.6989583333333333,0.486024559318677,0.5,0.5,0.5,0.6979166666666666,0.528819635962493,"[0, 1, 20, 95]",
capacity_d100_w8_g5.csv,core_interaction,grad,selection_frequency_topk,,5,0.45,0.11180339887498948,0.7140625,0.4658148139513568,0.5,0.5,0.5,0.7213541666666666,0.52,"[0, 1, 20, 27]",
capacity_d100_w8_g5.csv,core_interaction,grad,selection_frequency_threshold,0.2,5,0.45,0.11180339887498948,0.7140625,0.4658148139513568,0.15384615384615385,0.5,0.23529411764705882,,,"[0, 1, 20, 27, 32, 35, 45, 54, 72, 87, 91, 95, 97]",13.0
capacity_d100_w8_g5.csv,core_interaction,grad,selection_frequency_threshold,0.4,5,0.45,0.11180339887498948,0.7140625,0.4658148139513568,1.0,0.5,0.6666666666666666,,,"[0, 1]",2.0
capacity_d100_w8_g5.csv,core_interaction,grad,selection_frequency_threshold,0.6,5,0.45,0.11180339887498948,0.7140625,0.4658148139513568,1.0,0.5,0.6666666666666666,,,"[0, 1]",2.0
capacity_d100_w8_g5.csv,core_interaction,grad,selection_frequency_threshold,0.8,5,0.45,0.11180339887498948,0.7140625,0.4658148139513568,1.0,0.5,0.6666666666666666,,,"[0, 1]",2.0
capacity_d100_w8_g5.csv,core_interaction,grad,mean_importance_topk,,5,0.45,0.11180339887498948,0.7140625,0.4658148139513568,0.5,0.5,0.5,0.6822916666666666,0.5337467783505154,"[0, 1, 44, 98]",
capacity_d100_w8_g5.csv,core_interaction,perm,selection_frequency_topk,,5,0.4,0.13693063937629152,0.83125,0.4704507304847484,0.5,0.5,0.5,0.7213541666666666,0.52,"[0, 1, 20, 71]",
capacity_d100_w8_g5.csv,core_interaction,perm,selection_frequency_threshold,0.2,5,0.4,0.13693063937629152,0.83125,0.4704507304847484,0.15384615384615385,0.5,0.23529411764705882,,,"[0, 1, 18, 20, 21, 32, 36, 51, 60, 71, 72, 79, 88]",13.0
capacity_d100_w8_g5.csv,core_interaction,perm,selection_frequency_threshold,0.4,5,0.4,0.13693063937629152,0.83125,0.4704507304847484,0.6666666666666666,0.5,0.5714285714285715,,,"[0, 1, 71]",3.0
capacity_d100_w8_g5.csv,core_interaction,perm,selection_frequency_threshold,0.6,5,0.4,0.13693063937629152,0.83125,0.4704507304847484,1.0,0.5,0.6666666666666666,,,"[0, 1]",2.0
capacity_d100_w8_g5.csv,core_interaction,perm,selection_frequency_threshold,0.8,5,0.4,0.13693063937629152,0.83125,0.4704507304847484,1.0,0.25,0.4,,,[0],1.0
capacity_d100_w8_g5.csv,core_interaction,perm,mean_importance_topk,,5,0.4,0.13693063937629152,0.83125,0.4704507304847484,0.5,0.5,0.5,0.8385416666666666,0.6,"[0, 1, 51, 71]",
earlystop_d100_steps10.csv,core_interaction,grad,selection_frequency_topk,,5,0.5,0.0,0.7364583333333333,0.48929250787554796,0.5,0.5,0.5,0.7239583333333334,0.52,"[0, 1, 17, 20]",
earlystop_d100_steps10.csv,core_interaction,grad,selection_frequency_threshold,0.2,5,0.5,0.0,0.7364583333333333,0.48929250787554796,0.16666666666666666,0.5,0.25,,,"[0, 1, 17, 20, 28, 35, 45, 70, 71, 87, 88, 97]",12.0
earlystop_d100_steps10.csv,core_interaction,grad,selection_frequency_threshold,0.4,5,0.5,0.0,0.7364583333333333,0.48929250787554796,1.0,0.5,0.6666666666666666,,,"[0, 1]",2.0
earlystop_d100_steps10.csv,core_interaction,grad,selection_frequency_threshold,0.6,5,0.5,0.0,0.7364583333333333,0.48929250787554796,1.0,0.5,0.6666666666666666,,,"[0, 1]",2.0
earlystop_d100_steps10.csv,core_interaction,grad,selection_frequency_threshold,0.8,5,0.5,0.0,0.7364583333333333,0.48929250787554796,1.0,0.5,0.6666666666666666,,,"[0, 1]",2.0
earlystop_d100_steps10.csv,core_interaction,grad,mean_importance_topk,,5,0.5,0.0,0.7364583333333333,0.48929250787554796,0.5,0.5,0.5,0.6979166666666666,0.5323275862068966,"[0, 1, 97, 98]",
earlystop_d100_steps10.csv,core_interaction,perm,selection_frequency_topk,,5,0.45,0.11180339887498951,0.7666666666666666,0.5052772323555678,0.5,0.5,0.5,0.7291666666666666,0.52,"[0, 1, 10, 85]",
earlystop_d100_steps10.csv,core_interaction,perm,selection_frequency_threshold,0.2,5,0.45,0.11180339887498951,0.7666666666666666,0.5052772323555678,0.2,0.5,0.28571428571428575,,,"[0, 1, 10, 19, 20, 49, 56, 79, 85, 98]",10.0
earlystop_d100_steps10.csv,core_interaction,perm,selection_frequency_threshold,0.4,5,0.45,0.11180339887498951,0.7666666666666666,0.5052772323555678,0.5,0.5,0.5,,,"[0, 1, 10, 85]",4.0
earlystop_d100_steps10.csv,core_interaction,perm,selection_frequency_threshold,0.6,5,0.45,0.11180339887498951,0.7666666666666666,0.5052772323555678,0.6666666666666666,0.5,0.5714285714285715,,,"[0, 1, 10]",3.0
earlystop_d100_steps10.csv,core_interaction,perm,selection_frequency_threshold,0.8,5,0.45,0.11180339887498951,0.7666666666666666,0.5052772323555678,1.0,0.5,0.6666666666666666,,,"[0, 1]",2.0
earlystop_d100_steps10.csv,core_interaction,perm,mean_importance_topk,,5,0.45,0.11180339887498951,0.7666666666666666,0.5052772323555678,0.5,0.5,0.5,0.7135416666666666,0.5298801870251315,"[0, 1, 79, 85]",
earlystop_d100_steps20.csv,core_interaction,grad,selection_frequency_topk,,5,0.45,0.11180339887498948,0.7026041666666667,0.46005670584242014,0.5,0.5,0.5,0.7213541666666666,0.52,"[0, 1, 5, 17]",
earlystop_d100_steps20.csv,core_interaction,grad,selection_frequency_threshold,0.2,5,0.45,0.11180339887498948,0.7026041666666667,0.46005670584242014,0.15384615384615385,0.5,0.23529411764705882,,,"[0, 1, 5, 17, 18, 20, 32, 35, 45, 54, 87, 91, 97]",13.0
earlystop_d100_steps20.csv,core_interaction,grad,selection_frequency_threshold,0.4,5,0.45,0.11180339887498948,0.7026041666666667,0.46005670584242014,1.0,0.5,0.6666666666666666,,,"[0, 1]",2.0
earlystop_d100_steps20.csv,core_interaction,grad,selection_frequency_threshold,0.6,5,0.45,0.11180339887498948,0.7026041666666667,0.46005670584242014,1.0,0.5,0.6666666666666666,,,"[0, 1]",2.0
earlystop_d100_steps20.csv,core_interaction,grad,selection_frequency_threshold,0.8,5,0.45,0.11180339887498948,0.7026041666666667,0.46005670584242014,1.0,0.5,0.6666666666666666,,,"[0, 1]",2.0
earlystop_d100_steps20.csv,core_interaction,grad,mean_importance_topk,,5,0.45,0.11180339887498948,0.7026041666666667,0.46005670584242014,0.5,0.5,0.5,0.6510416666666666,0.5270833333333333,"[0, 1, 44, 97]",
earlystop_d100_steps20.csv,core_interaction,perm,selection_frequency_topk,,5,0.4,0.13693063937629152,0.7653645833333333,0.4572837894319181,0.5,0.5,0.5,0.72265625,0.43666666666666665,"[0, 1, 14, 71]",
earlystop_d100_steps20.csv,core_interaction,perm,selection_frequency_threshold,0.2,5,0.4,0.13693063937629152,0.7653645833333333,0.4572837894319181,0.16666666666666666,0.5,0.25,,,"[0, 1, 14, 18, 20, 48, 70, 71, 72, 77, 79, 88]",12.0
earlystop_d100_steps20.csv,core_interaction,perm,selection_frequency_threshold,0.4,5,0.4,0.13693063937629152,0.7653645833333333,0.4572837894319181,0.6666666666666666,0.5,0.5714285714285715,,,"[0, 1, 71]",3.0
earlystop_d100_steps20.csv,core_interaction,perm,selection_frequency_threshold,0.6,5,0.4,0.13693063937629152,0.7653645833333333,0.4572837894319181,0.6666666666666666,0.5,0.5714285714285715,,,"[0, 1, 71]",3.0
earlystop_d100_steps20.csv,core_interaction,perm,selection_frequency_threshold,0.8,5,0.4,0.13693063937629152,0.7653645833333333,0.4572837894319181,1.0,0.25,0.4,,,[0],1.0
earlystop_d100_steps20.csv,core_interaction,perm,mean_importance_topk,,5,0.4,0.13693063937629152,0.7653645833333333,0.4572837894319181,0.5,0.5,0.5,0.7109375,0.540752688172043,"[0, 1, 48, 71]",
earlystop_d100_steps5.csv,core_interaction,grad,selection_frequency_topk,,5,0.4,0.13693063937629152,0.7072916666666667,0.4341591190924742,0.5,0.5,0.5,0.7213541666666666,0.52,"[0, 1, 17, 20]",
earlystop_d100_steps5.csv,core_interaction,grad,selection_frequency_threshold,0.2,5,0.4,0.13693063937629152,0.7072916666666667,0.4341591190924742,0.15384615384615385,0.5,0.23529411764705882,,,"[0, 1, 17, 18, 20, 27, 35, 54, 87, 88, 91, 95, 97]",13.0
earlystop_d100_steps5.csv,core_interaction,grad,selection_frequency_threshold,0.4,5,0.4,0.13693063937629152,0.7072916666666667,0.4341591190924742,0.6666666666666666,0.5,0.5714285714285715,,,"[0, 1, 20]",3.0
earlystop_d100_steps5.csv,core_interaction,grad,selection_frequency_threshold,0.6,5,0.4,0.13693063937629152,0.7072916666666667,0.4341591190924742,1.0,0.5,0.6666666666666666,,,"[0, 1]",2.0
earlystop_d100_steps5.csv,core_interaction,grad,selection_frequency_threshold,0.8,5,0.4,0.13693063937629152,0.7072916666666667,0.4341591190924742,1.0,0.25,0.4,,,[0],1.0
earlystop_d100_steps5.csv,core_interaction,grad,mean_importance_topk,,5,0.4,0.13693063937629152,0.7072916666666667,0.4341591190924742,0.5,0.5,0.5,0.7083333333333334,0.5305997552019583,"[0, 1, 88, 98]",
earlystop_d100_steps5.csv,core_interaction,perm,selection_frequency_topk,,5,0.4,0.13693063937629152,0.73125,0.4528162364044717,0.5,0.5,0.5,0.7239583333333334,0.52,"[0, 1, 44, 68]",
earlystop_d100_steps5.csv,core_interaction,perm,selection_frequency_threshold,0.2,5,0.4,0.13693063937629152,0.73125,0.4528162364044717,0.16666666666666666,0.5,0.25,,,"[0, 1, 15, 16, 19, 24, 30, 44, 68, 92, 93, 99]",12.0
earlystop_d100_steps5.csv,core_interaction,perm,selection_frequency_threshold,0.4,5,0.4,0.13693063937629152,0.73125,0.4528162364044717,0.5,0.5,0.5,,,"[0, 1, 44, 68]",4.0
earlystop_d100_steps5.csv,core_interaction,perm,selection_frequency_threshold,0.6,5,0.4,0.13693063937629152,0.73125,0.4528162364044717,1.0,0.5,0.6666666666666666,,,"[0, 1]",2.0
earlystop_d100_steps5.csv,core_interaction,perm,selection_frequency_threshold,0.8,5,0.4,0.13693063937629152,0.73125,0.4528162364044717,1.0,0.25,0.4,,,[0],1.0
earlystop_d100_steps5.csv,core_interaction,perm,mean_importance_topk,,5,0.4,0.13693063937629152,0.73125,0.4528162364044717,0.5,0.5,0.5,0.8385416666666666,0.5800438596491229,"[0, 1, 44, 65]",
earlystop_d100_steps50.csv,core_interaction,grad,selection_frequency_topk,,5,0.5,0.0,0.7432291666666668,0.5181261638335817,0.5,0.5,0.5,0.7239583333333334,0.52,"[0, 1, 17, 18]",
earlystop_d100_steps50.csv,core_interaction,grad,selection_frequency_threshold,0.2,5,0.5,0.0,0.7432291666666668,0.5181261638335817,0.16666666666666666,0.5,0.25,,,"[0, 1, 17, 18, 20, 27, 32, 35, 45, 91, 95, 97]",12.0
earlystop_d100_steps50.csv,core_interaction,grad,selection_frequency_threshold,0.4,5,0.5,0.0,0.7432291666666668,0.5181261638335817,1.0,0.5,0.6666666666666666,,,"[0, 1]",2.0
earlystop_d100_steps50.csv,core_interaction,grad,selection_frequency_threshold,0.6,5,0.5,0.0,0.7432291666666668,0.5181261638335817,1.0,0.5,0.6666666666666666,,,"[0, 1]",2.0
earlystop_d100_steps50.csv,core_interaction,grad,selection_frequency_threshold,0.8,5,0.5,0.0,0.7432291666666668,0.5181261638335817,1.0,0.5,0.6666666666666666,,,"[0, 1]",2.0
earlystop_d100_steps50.csv,core_interaction,grad,mean_importance_topk,,5,0.5,0.0,0.7432291666666668,0.5181261638335817,0.5,0.5,0.5,0.6953125,0.5313647490820074,"[0, 1, 32, 44]",
earlystop_d100_steps50.csv,core_interaction,perm,selection_frequency_topk,,5,0.4,0.13693063937629152,0.7398437500000001,0.467167464551387,0.5,0.5,0.5,0.71875,0.52,"[0, 1, 20, 31]",
earlystop_d100_steps50.csv,core_interaction,perm,selection_frequency_threshold,0.2,5,0.4,0.13693063937629152,0.7398437500000001,0.467167464551387,0.14285714285714285,0.5,0.22222222222222224,,,"[0, 1, 20, 29, 31, 40, 48, 56, 71, 79, 83, 85, 97, 98]",14.0
earlystop_d100_steps50.csv,core_interaction,perm,selection_frequency_threshold,0.4,5,0.4,0.13693063937629152,0.7398437500000001,0.467167464551387,1.0,0.5,0.6666666666666666,,,"[0, 1]",2.0
earlystop_d100_steps50.csv,core_interaction,perm,selection_frequency_threshold,0.6,5,0.4,0.13693063937629152,0.7398437500000001,0.467167464551387,1.0,0.5,0.6666666666666666,,,"[0, 1]",2.0
earlystop_d100_steps50.csv,core_interaction,perm,selection_frequency_threshold,0.8,5,0.4,0.13693063937629152,0.7398437500000001,0.467167464551387,1.0,0.25,0.4,,,[0],1.0
earlystop_d100_steps50.csv,core_interaction,perm,mean_importance_topk,,5,0.4,0.13693063937629152,0.7398437500000001,0.467167464551387,0.5,0.5,0.5,0.6770833333333334,0.5285397074190178,"[0, 1, 31, 71]",
core_d100_c05.csv,core_interaction_c05,grad,selection_frequency_topk,,5,0.5,0.0,0.7234375,0.5371221114206767,0.5,0.5,0.5,0.7239583333333334,0.52,"[0, 1, 10, 28]",
core_d100_c05.csv,core_interaction_c05,grad,selection_frequency_threshold,0.2,5,0.5,0.0,0.7234375,0.5371221114206767,0.16666666666666666,0.5,0.25,,,"[0, 1, 10, 25, 28, 29, 35, 50, 51, 62, 70, 78]",12.0
core_d100_c05.csv,core_interaction_c05,grad,selection_frequency_threshold,0.4,5,0.5,0.0,0.7234375,0.5371221114206767,1.0,0.5,0.6666666666666666,,,"[0, 1]",2.0
core_d100_c05.csv,core_interaction_c05,grad,selection_frequency_threshold,0.6,5,0.5,0.0,0.7234375,0.5371221114206767,1.0,0.5,0.6666666666666666,,,"[0, 1]",2.0
core_d100_c05.csv,core_interaction_c05,grad,selection_frequency_threshold,0.8,5,0.5,0.0,0.7234375,0.5371221114206767,1.0,0.5,0.6666666666666666,,,"[0, 1]",2.0
core_d100_c05.csv,core_interaction_c05,grad,mean_importance_topk,,5,0.5,0.0,0.7234375,0.5371221114206767,0.5,0.5,0.5,0.6145833333333334,0.5224789915966386,"[0, 1, 28, 65]",
core_d100_c05.csv,core_interaction_c05,perm,selection_frequency_topk,,5,0.45,0.11180339887498951,0.7716145833333333,0.5130184026499816,0.5,0.5,0.5,0.7213541666666666,0.52,"[0, 1, 16, 19]",
core_d100_c05.csv,core_interaction_c05,perm,selection_frequency_threshold,0.2,5,0.45,0.11180339887498951,0.7716145833333333,0.5130184026499816,0.15384615384615385,0.5,0.23529411764705882,,,"[0, 1, 16, 19, 22, 31, 32, 42, 46, 51, 55, 64, 97]",13.0
core_d100_c05.csv,core_interaction_c05,perm,selection_frequency_threshold,0.4,5,0.45,0.11180339887498951,0.7716145833333333,0.5130184026499816,1.0,0.5,0.6666666666666666,,,"[0, 1]",2.0
core_d100_c05.csv,core_interaction_c05,perm,selection_frequency_threshold,0.6,5,0.45,0.11180339887498951,0.7716145833333333,0.5130184026499816,1.0,0.5,0.6666666666666666,,,"[0, 1]",2.0
core_d100_c05.csv,core_interaction_c05,perm,selection_frequency_threshold,0.8,5,0.45,0.11180339887498951,0.7716145833333333,0.5130184026499816,1.0,0.5,0.6666666666666666,,,"[0, 1]",2.0
core_d100_c05.csv,core_interaction_c05,perm,mean_importance_topk,,5,0.45,0.11180339887498951,0.7716145833333333,0.5130184026499816,0.5,0.5,0.5,0.7473958333333334,0.5368117797695262,"[0, 1, 46, 85]",
core_d100_c1.csv,core_interaction_c1,grad,selection_frequency_topk,,5,0.45,0.11180339887498948,0.7296875,0.4763771083516225,0.5,0.5,0.5,0.7213541666666666,0.52,"[0, 1, 17, 19]",
core_d100_c1.csv,core_interaction_c1,grad,selection_frequency_threshold,0.2,5,0.45,0.11180339887498948,0.7296875,0.4763771083516225,0.15384615384615385,0.5,0.23529411764705882,,,"[0, 1, 17, 19, 20, 27, 32, 45, 70, 87, 91, 95, 97]",13.0
core_d100_c1.csv,core_interaction_c1,grad,selection_frequency_threshold,0.4,5,0.45,0.11180339887498948,0.7296875,0.4763771083516225,1.0,0.5,0.6666666666666666,,,"[0, 1]",2.0
core_d100_c1.csv,core_interaction_c1,grad,selection_frequency_threshold,0.6,5,0.45,0.11180339887498948,0.7296875,0.4763771083516225,1.0,0.5,0.6666666666666666,,,"[0, 1]",2.0
core_d100_c1.csv,core_interaction_c1,grad,selection_frequency_threshold,0.8,5,0.45,0.11180339887498948,0.7296875,0.4763771083516225,1.0,0.5,0.6666666666666666,,,"[0, 1]",2.0
core_d100_c1.csv,core_interaction_c1,grad,mean_importance_topk,,5,0.45,0.11180339887498948,0.7296875,0.4763771083516225,0.5,0.5,0.5,0.6796875,0.5289361133386795,"[0, 1, 97, 98]",
core_d100_c1.csv,core_interaction_c1,perm,selection_frequency_topk,,5,0.4,0.13693063937629152,0.7489583333333334,0.46077503052503055,0.5,0.5,0.5,0.7239583333333334,0.52,"[0, 1, 71, 79]",
core_d100_c1.csv,core_interaction_c1,perm,selection_frequency_threshold,0.2,5,0.4,0.13693063937629152,0.7489583333333334,0.46077503052503055,0.16666666666666666,0.5,0.25,,,"[0, 1, 6, 18, 20, 48, 71, 79, 85, 87, 95, 97]",12.0
core_d100_c1.csv,core_interaction_c1,perm,selection_frequency_threshold,0.4,5,0.4,0.13693063937629152,0.7489583333333334,0.46077503052503055,0.5,0.5,0.5,,,"[0, 1, 71, 79]",4.0
core_d100_c1.csv,core_interaction_c1,perm,selection_frequency_threshold,0.6,5,0.4,0.13693063937629152,0.7489583333333334,0.46077503052503055,1.0,0.5,0.6666666666666666,,,"[0, 1]",2.0
core_d100_c1.csv,core_interaction_c1,perm,selection_frequency_threshold,0.8,5,0.4,0.13693063937629152,0.7489583333333334,0.46077503052503055,1.0,0.25,0.4,,,[0],1.0
core_d100_c1.csv,core_interaction_c1,perm,mean_importance_topk,,5,0.4,0.13693063937629152,0.7489583333333334,0.46077503052503055,0.5,0.5,0.5,0.6927083333333334,0.5320692883895131,"[0, 1, 79, 97]",
core_d100_c2.csv,core_interaction_c2,grad,selection_frequency_topk,,5,0.4,0.13693063937629152,0.7572916666666668,0.45457622083269084,0.75,0.75,0.75,0.84375,0.56,"[0, 1, 2, 7]",
core_d100_c2.csv,core_interaction_c2,grad,selection_frequency_threshold,0.2,5,0.4,0.13693063937629152,0.7572916666666668,0.45457622083269084,0.2,0.75,0.31578947368421056,,,"[0, 1, 2, 6, 7, 34, 70, 73, 74, 81, 84, 87, 89, 94, 97]",15.0
core_d100_c2.csv,core_interaction_c2,grad,selection_frequency_threshold,0.4,5,0.4,0.13693063937629152,0.7572916666666668,0.45457622083269084,1.0,0.5,0.6666666666666666,,,"[0, 1]",2.0
core_d100_c2.csv,core_interaction_c2,grad,selection_frequency_threshold,0.6,5,0.4,0.13693063937629152,0.7572916666666668,0.45457622083269084,1.0,0.25,0.4,,,[0],1.0
core_d100_c2.csv,core_interaction_c2,grad,selection_frequency_threshold,0.8,5,0.4,0.13693063937629152,0.7572916666666668,0.45457622083269084,1.0,0.25,0.4,,,[0],1.0
core_d100_c2.csv,core_interaction_c2,grad,mean_importance_topk,,5,0.4,0.13693063937629152,0.7572916666666668,0.45457622083269084,0.5,0.5,0.5,0.9244791666666666,0.6416256157635468,"[0, 1, 30, 96]",
core_d100_c2.csv,core_interaction_c2,perm,selection_frequency_topk,,5,0.3,0.11180339887498948,0.6291666666666667,0.31099242424242424,0.5,0.5,0.5,0.71484375,0.43666666666666665,"[0, 1, 7, 96]",
core_d100_c2.csv,core_interaction_c2,perm,selection_frequency_threshold,0.2,5,0.3,0.11180339887498948,0.6291666666666667,0.31099242424242424,0.13333333333333333,0.5,0.2105263157894737,,,"[0, 1, 7, 13, 21, 23, 26, 54, 67, 72, 75, 88, 89, 92, 96]",15.0
core_d100_c2.csv,core_interaction_c2,perm,selection_frequency_threshold,0.4,5,0.3,0.11180339887498948,0.6291666666666667,0.31099242424242424,0.6666666666666666,0.5,0.5714285714285715,,,"[0, 1, 96]",3.0
core_d100_c2.csv,core_interaction_c2,perm,selection_frequency_threshold,0.6,5,0.3,0.11180339887498948,0.6291666666666667,0.31099242424242424,1.0,0.25,0.4,,,[0],1.0
core_d100_c2.csv,core_interaction_c2,perm,selection_frequency_threshold,0.8,5,0.3,0.11180339887498948,0.6291666666666667,0.31099242424242424,1.0,0.25,0.4,,,[0],1.0
core_d100_c2.csv,core_interaction_c2,perm,mean_importance_topk,,5,0.3,0.11180339887498948,0.6291666666666667,0.31099242424242424,0.5,0.5,0.5,0.6458333333333334,0.39990698635799915,"[0, 1, 72, 92]",
core_d100_c5.csv,core_interaction_c5,grad,selection_frequency_topk,,5,0.4,0.22360679774997896,0.8130208333333332,0.42281116283213915,0.75,0.75,0.75,0.953125,0.45,"[0, 1, 2, 27]",
core_d100_c5.csv,core_interaction_c5,grad,selection_frequency_threshold,0.2,5,0.4,0.22360679774997896,0.8130208333333332,0.42281116283213915,0.26666666666666666,1.0,0.4210526315789474,,,"[0, 1, 2, 3, 5, 15, 27, 33, 44, 67, 78, 80, 81, 82, 91]",15.0
core_d100_c5.csv,core_interaction_c5,grad,selection_frequency_threshold,0.4,5,0.4,0.22360679774997896,0.8130208333333332,0.42281116283213915,0.5,0.25,0.3333333333333333,,,"[0, 27]",2.0
core_d100_c5.csv,core_interaction_c5,grad,selection_frequency_threshold,0.6,5,0.4,0.22360679774997896,0.8130208333333332,0.42281116283213915,1.0,0.25,0.4,,,[0],1.0
core_d100_c5.csv,core_interaction_c5,grad,selection_frequency_threshold,0.8,5,0.4,0.22360679774997896,0.8130208333333332,0.42281116283213915,1.0,0.25,0.4,,,[0],1.0
core_d100_c5.csv,core_interaction_c5,grad,mean_importance_topk,,5,0.4,0.22360679774997896,0.8130208333333332,0.42281116283213915,0.75,0.75,0.75,0.984375,0.7291666666666666,"[0, 1, 3, 82]",
core_d100_c5.csv,core_interaction_c5,perm,selection_frequency_topk,,5,0.3,0.11180339887498951,0.7807291666666667,0.3360901915113871,0.5,0.5,0.5,0.6953125,0.30125,"[0, 1, 20, 27]",
core_d100_c5.csv,core_interaction_c5,perm,selection_frequency_threshold,0.2,5,0.3,0.11180339887498951,0.7807291666666667,0.3360901915113871,0.125,0.5,0.2,,,"[0, 1, 20, 27, 42, 44, 50, 66, 73, 76, 77, 78, 79, 81, 84, 95]",16.0
core_d100_c5.csv,core_interaction_c5,perm,selection_frequency_threshold,0.4,5,0.3,0.11180339887498951,0.7807291666666667,0.3360901915113871,1.0,0.25,0.4,,,[0],1.0
core_d100_c5.csv,core_interaction_c5,perm,selection_frequency_threshold,0.6,5,0.3,0.11180339887498951,0.7807291666666667,0.3360901915113871,1.0,0.25,0.4,,,[0],1.0
core_d100_c5.csv,core_interaction_c5,perm,selection_frequency_threshold,0.8,5,0.3,0.11180339887498951,0.7807291666666667,0.3360901915113871,1.0,0.25,0.4,,,[0],1.0
core_d100_c5.csv,core_interaction_c5,perm,mean_importance_topk,,5,0.3,0.11180339887498951,0.7807291666666667,0.3360901915113871,0.75,0.75,0.75,0.9583333333333333,0.6597222222222222,"[0, 1, 3, 81]",
