model,explain_method,seed,function,samples,dimension,noise,variable,score,is_active
KAN,grad,0,core_interaction_c5,1024,100,0.0,0,1.274817705154419,1
KAN,grad,0,core_interaction_c5,1024,100,0.0,1,0.8261129856109619,1
KAN,grad,0,core_interaction_c5,1024,100,0.0,2,0.6806806921958923,1
KAN,grad,0,core_interaction_c5,1024,100,0.0,3,0.7373901605606079,1
KAN,grad,0,core_interaction_c5,1024,100,0.0,4,0.6602864265441895,0
KAN,grad,0,core_interaction_c5,1024,100,0.0,5,0.5875674486160278,0
KAN,grad,0,core_interaction_c5,1024,100,0.0,6,0.4562091827392578,0
KAN,grad,0,core_interaction_c5,1024,100,0.0,7,0.31909263134002686,0
KAN,grad,0,core_interaction_c5,1024,100,0.0,8,0.7785645723342896,0
KAN,grad,0,core_interaction_c5,1024,100,0.0,9,0.8680880069732666,0
KAN,grad,0,core_interaction_c5,1024,100,0.0,10,0.4183974266052246,0
KAN,grad,0,core_interaction_c5,1024,100,0.0,11,0.4754232168197632,0
KAN,grad,0,core_interaction_c5,1024,100,0.0,12,0.39170342683792114,0
KAN,grad,0,core_interaction_c5,1024,100,0.0,13,0.3854728639125824,0
KAN,grad,0,core_interaction_c5,1024,100,0.0,14,0.4146629571914673,0
KAN,grad,0,core_interaction_c5,1024,100,0.0,15,0.27812105417251587,0
KAN,grad,0,core_interaction_c5,1024,100,0.0,16,0.5168958902359009,0
KAN,grad,0,core_interaction_c5,1024,100,0.0,17,0.6408822536468506,0
KAN,grad,0,core_interaction_c5,1024,100,0.0,18,0.5142057538032532,0
KAN,grad,0,core_interaction_c5,1024,100,0.0,19,0.4676000475883484,0
KAN,grad,0,core_interaction_c5,1024,100,0.0,20,0.5396729111671448,0
KAN,grad,0,core_interaction_c5,1024,100,0.0,21,0.48170554637908936,0
KAN,grad,0,core_interaction_c5,1024,100,0.0,22,0.6718867421150208,0
KAN,grad,0,core_interaction_c5,1024,100,0.0,23,0.4351736307144165,0
KAN,grad,0,core_interaction_c5,1024,100,0.0,24,0.5589072108268738,0
KAN,grad,0,core_interaction_c5,1024,100,0.0,25,0.746234655380249,0
KAN,grad,0,core_interaction_c5,1024,100,0.0,26,0.39579176902770996,0
KAN,grad,0,core_interaction_c5,1024,100,0.0,27,0.38122838735580444,0
KAN,grad,0,core_interaction_c5,1024,100,0.0,28,0.4646725654602051,0
KAN,grad,0,core_interaction_c5,1024,100,0.0,29,0.5908112525939941,0
KAN,grad,0,core_interaction_c5,1024,100,0.0,30,0.7174453735351562,0
KAN,grad,0,core_interaction_c5,1024,100,0.0,31,0.4989749491214752,0
KAN,grad,0,core_interaction_c5,1024,100,0.0,32,0.4550970792770386,0
KAN,grad,0,core_interaction_c5,1024,100,0.0,33,0.5008900165557861,0
KAN,grad,0,core_interaction_c5,1024,100,0.0,34,0.7584239840507507,0
KAN,grad,0,core_interaction_c5,1024,100,0.0,35,0.6791385412216187,0
KAN,grad,0,core_interaction_c5,1024,100,0.0,36,0.5484266877174377,0
KAN,grad,0,core_interaction_c5,1024,100,0.0,37,0.3712267279624939,0
KAN,grad,0,core_interaction_c5,1024,100,0.0,38,0.7629510164260864,0
KAN,grad,0,core_interaction_c5,1024,100,0.0,39,0.5614964365959167,0
KAN,grad,0,core_interaction_c5,1024,100,0.0,40,0.5403550863265991,0
KAN,grad,0,core_interaction_c5,1024,100,0.0,41,0.39817139506340027,0
KAN,grad,0,core_interaction_c5,1024,100,0.0,42,0.3220602869987488,0
KAN,grad,0,core_interaction_c5,1024,100,0.0,43,0.49990224838256836,0
KAN,grad,0,core_interaction_c5,1024,100,0.0,44,0.4819612503051758,0
KAN,grad,0,core_interaction_c5,1024,100,0.0,45,0.6091678738594055,0
KAN,grad,0,core_interaction_c5,1024,100,0.0,46,0.500175416469574,0
KAN,grad,0,core_interaction_c5,1024,100,0.0,47,0.5736842155456543,0
KAN,grad,0,core_interaction_c5,1024,100,0.0,48,0.6350475549697876,0
KAN,grad,0,core_interaction_c5,1024,100,0.0,49,0.6956701278686523,0
KAN,grad,0,core_interaction_c5,1024,100,0.0,50,0.3884020149707794,0
KAN,grad,0,core_interaction_c5,1024,100,0.0,51,0.5771402716636658,0
KAN,grad,0,core_interaction_c5,1024,100,0.0,52,0.6494773626327515,0
KAN,grad,0,core_interaction_c5,1024,100,0.0,53,0.49495112895965576,0
KAN,grad,0,core_interaction_c5,1024,100,0.0,54,0.46352729201316833,0
KAN,grad,0,core_interaction_c5,1024,100,0.0,55,0.6554746627807617,0
KAN,grad,0,core_interaction_c5,1024,100,0.0,56,0.5963984131813049,0
KAN,grad,0,core_interaction_c5,1024,100,0.0,57,0.3624313473701477,0
KAN,grad,0,core_interaction_c5,1024,100,0.0,58,0.6343318819999695,0
KAN,grad,0,core_interaction_c5,1024,100,0.0,59,0.7301521301269531,0
KAN,grad,0,core_interaction_c5,1024,100,0.0,60,0.45116156339645386,0
KAN,grad,0,core_interaction_c5,1024,100,0.0,61,0.4980700612068176,0
KAN,grad,0,core_interaction_c5,1024,100,0.0,62,0.3007354438304901,0
KAN,grad,0,core_interaction_c5,1024,100,0.0,63,0.5623761415481567,0
KAN,grad,0,core_interaction_c5,1024,100,0.0,64,0.5824858546257019,0
KAN,grad,0,core_interaction_c5,1024,100,0.0,65,0.30616632103919983,0
KAN,grad,0,core_interaction_c5,1024,100,0.0,66,0.697624146938324,0
KAN,grad,0,core_interaction_c5,1024,100,0.0,67,0.5079355835914612,0
KAN,grad,0,core_interaction_c5,1024,100,0.0,68,0.55702805519104,0
KAN,grad,0,core_interaction_c5,1024,100,0.0,69,0.6072267293930054,0
KAN,grad,0,core_interaction_c5,1024,100,0.0,70,0.33304157853126526,0
KAN,grad,0,core_interaction_c5,1024,100,0.0,71,0.6716416478157043,0
KAN,grad,0,core_interaction_c5,1024,100,0.0,72,0.5612776875495911,0
KAN,grad,0,core_interaction_c5,1024,100,0.0,73,0.3925955295562744,0
KAN,grad,0,core_interaction_c5,1024,100,0.0,74,0.5503743290901184,0
KAN,grad,0,core_interaction_c5,1024,100,0.0,75,0.6131863594055176,0
KAN,grad,0,core_interaction_c5,1024,100,0.0,76,0.547038733959198,0
KAN,grad,0,core_interaction_c5,1024,100,0.0,77,0.5429964661598206,0
KAN,grad,0,core_interaction_c5,1024,100,0.0,78,0.4657561779022217,0
KAN,grad,0,core_interaction_c5,1024,100,0.0,79,0.5722993612289429,0
KAN,grad,0,core_interaction_c5,1024,100,0.0,80,0.9079017639160156,0
KAN,grad,0,core_interaction_c5,1024,100,0.0,81,0.7177656888961792,0
KAN,grad,0,core_interaction_c5,1024,100,0.0,82,1.1641995906829834,0
KAN,grad,0,core_interaction_c5,1024,100,0.0,83,0.6235897541046143,0
KAN,grad,0,core_interaction_c5,1024,100,0.0,84,0.5314342975616455,0
KAN,grad,0,core_interaction_c5,1024,100,0.0,85,0.4150656759738922,0
KAN,grad,0,core_interaction_c5,1024,100,0.0,86,0.32727736234664917,0
KAN,grad,0,core_interaction_c5,1024,100,0.0,87,0.4934063255786896,0
KAN,grad,0,core_interaction_c5,1024,100,0.0,88,0.7414010763168335,0
KAN,grad,0,core_interaction_c5,1024,100,0.0,89,0.47338053584098816,0
KAN,grad,0,core_interaction_c5,1024,100,0.0,90,0.29874321818351746,0
KAN,grad,0,core_interaction_c5,1024,100,0.0,91,0.923486590385437,0
KAN,grad,0,core_interaction_c5,1024,100,0.0,92,0.4720157980918884,0
KAN,grad,0,core_interaction_c5,1024,100,0.0,93,0.48033106327056885,0
KAN,grad,0,core_interaction_c5,1024,100,0.0,94,0.5043060779571533,0
KAN,grad,0,core_interaction_c5,1024,100,0.0,95,0.4357644319534302,0
KAN,grad,0,core_interaction_c5,1024,100,0.0,96,0.5551232099533081,0
KAN,grad,0,core_interaction_c5,1024,100,0.0,97,0.8040741682052612,0
KAN,grad,0,core_interaction_c5,1024,100,0.0,98,0.5337116718292236,0
KAN,grad,0,core_interaction_c5,1024,100,0.0,99,0.37411171197891235,0
KAN,perm,0,core_interaction_c5,1024,100,0.0,0,0.1617378443479538,1
KAN,perm,0,core_interaction_c5,1024,100,0.0,1,0.15635140240192413,1
KAN,perm,0,core_interaction_c5,1024,100,0.0,2,0.11825704574584961,1
KAN,perm,0,core_interaction_c5,1024,100,0.0,3,0.0911162719130516,1
KAN,perm,0,core_interaction_c5,1024,100,0.0,4,0.006145636085420847,0
KAN,perm,0,core_interaction_c5,1024,100,0.0,5,0.0,0
KAN,perm,0,core_interaction_c5,1024,100,0.0,6,0.0,0
KAN,perm,0,core_interaction_c5,1024,100,0.0,7,0.032666128128767014,0
KAN,perm,0,core_interaction_c5,1024,100,0.0,8,0.055653732270002365,0
KAN,perm,0,core_interaction_c5,1024,100,0.0,9,0.11337479203939438,0
KAN,perm,0,core_interaction_c5,1024,100,0.0,10,0.0,0
KAN,perm,0,core_interaction_c5,1024,100,0.0,11,0.009040196426212788,0
KAN,perm,0,core_interaction_c5,1024,100,0.0,12,0.0,0
KAN,perm,0,core_interaction_c5,1024,100,0.0,13,0.0,0
KAN,perm,0,core_interaction_c5,1024,100,0.0,14,0.0007902781362645328,0
KAN,perm,0,core_interaction_c5,1024,100,0.0,15,0.0039842925034463406,0
KAN,perm,0,core_interaction_c5,1024,100,0.0,16,0.0,0
KAN,perm,0,core_interaction_c5,1024,100,0.0,17,0.0,0
KAN,perm,0,core_interaction_c5,1024,100,0.0,18,0.0,0
KAN,perm,0,core_interaction_c5,1024,100,0.0,19,0.047276657074689865,0
KAN,perm,0,core_interaction_c5,1024,100,0.0,20,0.0,0
KAN,perm,0,core_interaction_c5,1024,100,0.0,21,0.0,0
KAN,perm,0,core_interaction_c5,1024,100,0.0,22,0.0,0
KAN,perm,0,core_interaction_c5,1024,100,0.0,23,0.0,0
KAN,perm,0,core_interaction_c5,1024,100,0.0,24,0.08290401846170425,0
KAN,perm,0,core_interaction_c5,1024,100,0.0,25,0.0,0
KAN,perm,0,core_interaction_c5,1024,100,0.0,26,0.0,0
KAN,perm,0,core_interaction_c5,1024,100,0.0,27,0.0,0
KAN,perm,0,core_interaction_c5,1024,100,0.0,28,0.027848562225699425,0
KAN,perm,0,core_interaction_c5,1024,100,0.0,29,0.07174507528543472,0
KAN,perm,0,core_interaction_c5,1024,100,0.0,30,0.0,0
KAN,perm,0,core_interaction_c5,1024,100,0.0,31,0.0,0
KAN,perm,0,core_interaction_c5,1024,100,0.0,32,0.0,0
KAN,perm,0,core_interaction_c5,1024,100,0.0,33,0.03410561755299568,0
KAN,perm,0,core_interaction_c5,1024,100,0.0,34,0.03413025662302971,0
KAN,perm,0,core_interaction_c5,1024,100,0.0,35,0.06512507051229477,0
KAN,perm,0,core_interaction_c5,1024,100,0.0,36,0.0,0
KAN,perm,0,core_interaction_c5,1024,100,0.0,37,0.0,0
KAN,perm,0,core_interaction_c5,1024,100,0.0,38,0.014608700759708881,0
KAN,perm,0,core_interaction_c5,1024,100,0.0,39,0.042814094573259354,0
KAN,perm,0,core_interaction_c5,1024,100,0.0,40,0.0,0
KAN,perm,0,core_interaction_c5,1024,100,0.0,41,0.0,0
KAN,perm,0,core_interaction_c5,1024,100,0.0,42,0.018065055832266808,0
KAN,perm,0,core_interaction_c5,1024,100,0.0,43,0.0026356379967182875,0
KAN,perm,0,core_interaction_c5,1024,100,0.0,44,0.0058008828200399876,0
KAN,perm,0,core_interaction_c5,1024,100,0.0,45,0.036045074462890625,0
KAN,perm,0,core_interaction_c5,1024,100,0.0,46,0.0,0
KAN,perm,0,core_interaction_c5,1024,100,0.0,47,0.0,0
KAN,perm,0,core_interaction_c5,1024,100,0.0,48,0.059797126799821854,0
KAN,perm,0,core_interaction_c5,1024,100,0.0,49,0.0,0
KAN,perm,0,core_interaction_c5,1024,100,0.0,50,0.0,0
KAN,perm,0,core_interaction_c5,1024,100,0.0,51,0.00950765609741211,0
KAN,perm,0,core_interaction_c5,1024,100,0.0,52,0.0,0
KAN,perm,0,core_interaction_c5,1024,100,0.0,53,0.0,0
KAN,perm,0,core_interaction_c5,1024,100,0.0,54,0.018298625946044922,0
KAN,perm,0,core_interaction_c5,1024,100,0.0,55,0.1020764485001564,0
KAN,perm,0,core_interaction_c5,1024,100,0.0,56,0.04392600059509277,0
KAN,perm,0,core_interaction_c5,1024,100,0.0,57,0.0,0
KAN,perm,0,core_interaction_c5,1024,100,0.0,58,0.0,0
KAN,perm,0,core_interaction_c5,1024,100,0.0,59,0.0,0
KAN,perm,0,core_interaction_c5,1024,100,0.0,60,0.024321556091308594,0
KAN,perm,0,core_interaction_c5,1024,100,0.0,61,0.03185693547129631,0
KAN,perm,0,core_interaction_c5,1024,100,0.0,62,0.0065953731536865234,0
KAN,perm,0,core_interaction_c5,1024,100,0.0,63,0.0,0
KAN,perm,0,core_interaction_c5,1024,100,0.0,64,0.0018461545696482062,0
KAN,perm,0,core_interaction_c5,1024,100,0.0,65,0.0,0
KAN,perm,0,core_interaction_c5,1024,100,0.0,66,0.21228592097759247,0
KAN,perm,0,core_interaction_c5,1024,100,0.0,67,0.016644716262817383,0
KAN,perm,0,core_interaction_c5,1024,100,0.0,68,0.0,0
KAN,perm,0,core_interaction_c5,1024,100,0.0,69,0.0,0
KAN,perm,0,core_interaction_c5,1024,100,0.0,70,0.0,0
KAN,perm,0,core_interaction_c5,1024,100,0.0,71,0.0267662201076746,0
KAN,perm,0,core_interaction_c5,1024,100,0.0,72,0.0,0
KAN,perm,0,core_interaction_c5,1024,100,0.0,73,0.10226694494485855,0
KAN,perm,0,core_interaction_c5,1024,100,0.0,74,0.0,0
KAN,perm,0,core_interaction_c5,1024,100,0.0,75,0.0,0
KAN,perm,0,core_interaction_c5,1024,100,0.0,76,0.007150570396333933,0
KAN,perm,0,core_interaction_c5,1024,100,0.0,77,0.1600104123353958,0
KAN,perm,0,core_interaction_c5,1024,100,0.0,78,0.0,0
KAN,perm,0,core_interaction_c5,1024,100,0.0,79,0.0,0
KAN,perm,0,core_interaction_c5,1024,100,0.0,80,0.0,0
KAN,perm,0,core_interaction_c5,1024,100,0.0,81,0.0018052259692922235,0
KAN,perm,0,core_interaction_c5,1024,100,0.0,82,0.0,0
KAN,perm,0,core_interaction_c5,1024,100,0.0,83,0.0,0
KAN,perm,0,core_interaction_c5,1024,100,0.0,84,0.015854358673095703,0
KAN,perm,0,core_interaction_c5,1024,100,0.0,85,0.026004552841186523,0
KAN,perm,0,core_interaction_c5,1024,100,0.0,86,0.019516149535775185,0
KAN,perm,0,core_interaction_c5,1024,100,0.0,87,0.0,0
KAN,perm,0,core_interaction_c5,1024,100,0.0,88,0.0,0
KAN,perm,0,core_interaction_c5,1024,100,0.0,89,0.0,0
KAN,perm,0,core_interaction_c5,1024,100,0.0,90,0.008349101059138775,0
KAN,perm,0,core_interaction_c5,1024,100,0.0,91,0.0,0
KAN,perm,0,core_interaction_c5,1024,100,0.0,92,0.0,0
KAN,perm,0,core_interaction_c5,1024,100,0.0,93,0.0,0
KAN,perm,0,core_interaction_c5,1024,100,0.0,94,0.03547604754567146,0
KAN,perm,0,core_interaction_c5,1024,100,0.0,95,0.017455419525504112,0
KAN,perm,0,core_interaction_c5,1024,100,0.0,96,0.00952418614178896,0
KAN,perm,0,core_interaction_c5,1024,100,0.0,97,0.044768255203962326,0
KAN,perm,0,core_interaction_c5,1024,100,0.0,98,0.0,0
KAN,perm,0,core_interaction_c5,1024,100,0.0,99,0.0,0
KAN,grad,1,core_interaction_c5,1024,100,0.0,0,1.2711467742919922,1
KAN,grad,1,core_interaction_c5,1024,100,0.0,1,0.8310409188270569,1
KAN,grad,1,core_interaction_c5,1024,100,0.0,2,0.7127768397331238,1
KAN,grad,1,core_interaction_c5,1024,100,0.0,3,0.6470241546630859,1
KAN,grad,1,core_interaction_c5,1024,100,0.0,4,0.41284799575805664,0
KAN,grad,1,core_interaction_c5,1024,100,0.0,5,0.5249423384666443,0
KAN,grad,1,core_interaction_c5,1024,100,0.0,6,0.5759138464927673,0
KAN,grad,1,core_interaction_c5,1024,100,0.0,7,0.4083079993724823,0
KAN,grad,1,core_interaction_c5,1024,100,0.0,8,0.6755200624465942,0
KAN,grad,1,core_interaction_c5,1024,100,0.0,9,0.6161953210830688,0
KAN,grad,1,core_interaction_c5,1024,100,0.0,10,0.5798457860946655,0
KAN,grad,1,core_interaction_c5,1024,100,0.0,11,0.6345607042312622,0
KAN,grad,1,core_interaction_c5,1024,100,0.0,12,0.8740670680999756,0
KAN,grad,1,core_interaction_c5,1024,100,0.0,13,0.7780624628067017,0
KAN,grad,1,core_interaction_c5,1024,100,0.0,14,0.639772355556488,0
KAN,grad,1,core_interaction_c5,1024,100,0.0,15,0.7430940866470337,0
KAN,grad,1,core_interaction_c5,1024,100,0.0,16,0.36499708890914917,0
KAN,grad,1,core_interaction_c5,1024,100,0.0,17,0.7534887790679932,0
KAN,grad,1,core_interaction_c5,1024,100,0.0,18,0.8079886436462402,0
KAN,grad,1,core_interaction_c5,1024,100,0.0,19,0.4651445746421814,0
KAN,grad,1,core_interaction_c5,1024,100,0.0,20,0.7562106251716614,0
KAN,grad,1,core_interaction_c5,1024,100,0.0,21,0.3755028545856476,0
KAN,grad,1,core_interaction_c5,1024,100,0.0,22,0.3319249749183655,0
KAN,grad,1,core_interaction_c5,1024,100,0.0,23,0.5287907123565674,0
KAN,grad,1,core_interaction_c5,1024,100,0.0,24,0.5259261131286621,0
KAN,grad,1,core_interaction_c5,1024,100,0.0,25,0.21978487074375153,0
KAN,grad,1,core_interaction_c5,1024,100,0.0,26,0.3656025528907776,0
KAN,grad,1,core_interaction_c5,1024,100,0.0,27,0.9282803535461426,0
KAN,grad,1,core_interaction_c5,1024,100,0.0,28,0.7807732224464417,0
KAN,grad,1,core_interaction_c5,1024,100,0.0,29,0.6621782779693604,0
KAN,grad,1,core_interaction_c5,1024,100,0.0,30,0.7332767844200134,0
KAN,grad,1,core_interaction_c5,1024,100,0.0,31,0.501656174659729,0
KAN,grad,1,core_interaction_c5,1024,100,0.0,32,0.5216032266616821,0
KAN,grad,1,core_interaction_c5,1024,100,0.0,33,0.37154707312583923,0
KAN,grad,1,core_interaction_c5,1024,100,0.0,34,0.44114094972610474,0
KAN,grad,1,core_interaction_c5,1024,100,0.0,35,0.4168250858783722,0
KAN,grad,1,core_interaction_c5,1024,100,0.0,36,0.6828787922859192,0
KAN,grad,1,core_interaction_c5,1024,100,0.0,37,0.6051143407821655,0
KAN,grad,1,core_interaction_c5,1024,100,0.0,38,0.37750443816185,0
KAN,grad,1,core_interaction_c5,1024,100,0.0,39,0.43078911304473877,0
KAN,grad,1,core_interaction_c5,1024,100,0.0,40,0.6071299314498901,0
KAN,grad,1,core_interaction_c5,1024,100,0.0,41,0.6740778684616089,0
KAN,grad,1,core_interaction_c5,1024,100,0.0,42,0.5662691593170166,0
KAN,grad,1,core_interaction_c5,1024,100,0.0,43,0.35403871536254883,0
KAN,grad,1,core_interaction_c5,1024,100,0.0,44,0.9766740202903748,0
KAN,grad,1,core_interaction_c5,1024,100,0.0,45,0.597035825252533,0
KAN,grad,1,core_interaction_c5,1024,100,0.0,46,0.5734890699386597,0
KAN,grad,1,core_interaction_c5,1024,100,0.0,47,0.5765830278396606,0
KAN,grad,1,core_interaction_c5,1024,100,0.0,48,0.28058290481567383,0
KAN,grad,1,core_interaction_c5,1024,100,0.0,49,0.2928158640861511,0
KAN,grad,1,core_interaction_c5,1024,100,0.0,50,0.405708909034729,0
KAN,grad,1,core_interaction_c5,1024,100,0.0,51,0.4734410047531128,0
KAN,grad,1,core_interaction_c5,1024,100,0.0,52,0.3442375063896179,0
KAN,grad,1,core_interaction_c5,1024,100,0.0,53,0.49730241298675537,0
KAN,grad,1,core_interaction_c5,1024,100,0.0,54,0.43182092905044556,0
KAN,grad,1,core_interaction_c5,1024,100,0.0,55,0.5147221088409424,0
KAN,grad,1,core_interaction_c5,1024,100,0.0,56,0.5411985516548157,0
KAN,grad,1,core_interaction_c5,1024,100,0.0,57,0.7488596439361572,0
KAN,grad,1,core_interaction_c5,1024,100,0.0,58,0.3042697310447693,0
KAN,grad,1,core_interaction_c5,1024,100,0.0,59,0.8657768964767456,0
KAN,grad,1,core_interaction_c5,1024,100,0.0,60,0.5711069107055664,0
KAN,grad,1,core_interaction_c5,1024,100,0.0,61,0.5106845498085022,0
KAN,grad,1,core_interaction_c5,1024,100,0.0,62,0.36600661277770996,0
KAN,grad,1,core_interaction_c5,1024,100,0.0,63,0.4790201783180237,0
KAN,grad,1,core_interaction_c5,1024,100,0.0,64,0.7381243109703064,0
KAN,grad,1,core_interaction_c5,1024,100,0.0,65,0.6854456663131714,0
KAN,grad,1,core_interaction_c5,1024,100,0.0,66,0.36974242329597473,0
KAN,grad,1,core_interaction_c5,1024,100,0.0,67,0.9383400082588196,0
KAN,grad,1,core_interaction_c5,1024,100,0.0,68,0.4664727449417114,0
KAN,grad,1,core_interaction_c5,1024,100,0.0,69,0.516822099685669,0
KAN,grad,1,core_interaction_c5,1024,100,0.0,70,0.607585072517395,0
KAN,grad,1,core_interaction_c5,1024,100,0.0,71,0.4614720940589905,0
KAN,grad,1,core_interaction_c5,1024,100,0.0,72,0.5580256581306458,0
KAN,grad,1,core_interaction_c5,1024,100,0.0,73,0.8682463765144348,0
KAN,grad,1,core_interaction_c5,1024,100,0.0,74,0.3635653853416443,0
KAN,grad,1,core_interaction_c5,1024,100,0.0,75,0.4045223593711853,0
KAN,grad,1,core_interaction_c5,1024,100,0.0,76,0.6954574584960938,0
KAN,grad,1,core_interaction_c5,1024,100,0.0,77,0.3843896985054016,0
KAN,grad,1,core_interaction_c5,1024,100,0.0,78,0.4430142045021057,0
KAN,grad,1,core_interaction_c5,1024,100,0.0,79,0.6587969064712524,0
KAN,grad,1,core_interaction_c5,1024,100,0.0,80,0.4311739206314087,0
KAN,grad,1,core_interaction_c5,1024,100,0.0,81,0.6190903186798096,0
KAN,grad,1,core_interaction_c5,1024,100,0.0,82,0.35172146558761597,0
KAN,grad,1,core_interaction_c5,1024,100,0.0,83,0.5985979437828064,0
KAN,grad,1,core_interaction_c5,1024,100,0.0,84,0.3628247380256653,0
KAN,grad,1,core_interaction_c5,1024,100,0.0,85,0.5578664541244507,0
KAN,grad,1,core_interaction_c5,1024,100,0.0,86,0.5019614696502686,0
KAN,grad,1,core_interaction_c5,1024,100,0.0,87,0.44697821140289307,0
KAN,grad,1,core_interaction_c5,1024,100,0.0,88,0.7166337966918945,0
KAN,grad,1,core_interaction_c5,1024,100,0.0,89,0.7305724620819092,0
KAN,grad,1,core_interaction_c5,1024,100,0.0,90,0.805361270904541,0
KAN,grad,1,core_interaction_c5,1024,100,0.0,91,0.5684564113616943,0
KAN,grad,1,core_interaction_c5,1024,100,0.0,92,0.7325762510299683,0
KAN,grad,1,core_interaction_c5,1024,100,0.0,93,0.5666022300720215,0
KAN,grad,1,core_interaction_c5,1024,100,0.0,94,0.5053895711898804,0
KAN,grad,1,core_interaction_c5,1024,100,0.0,95,0.8130273222923279,0
KAN,grad,1,core_interaction_c5,1024,100,0.0,96,0.38592612743377686,0
KAN,grad,1,core_interaction_c5,1024,100,0.0,97,0.6142799854278564,0
KAN,grad,1,core_interaction_c5,1024,100,0.0,98,0.6661742329597473,0
KAN,grad,1,core_interaction_c5,1024,100,0.0,99,0.39787110686302185,0
KAN,perm,1,core_interaction_c5,1024,100,0.0,0,0.25279298424720764,1
KAN,perm,1,core_interaction_c5,1024,100,0.0,1,0.022138595581054688,1
KAN,perm,1,core_interaction_c5,1024,100,0.0,2,0.046566009521484375,1
KAN,perm,1,core_interaction_c5,1024,100,0.0,3,0.09599002450704575,1
KAN,perm,1,core_interaction_c5,1024,100,0.0,4,0.0,0
KAN,perm,1,core_interaction_c5,1024,100,0.0,5,0.0,0
KAN,perm,1,core_interaction_c5,1024,100,0.0,6,0.03586912155151367,0
KAN,perm,1,core_interaction_c5,1024,100,0.0,7,0.036914508789777756,0
KAN,perm,1,core_interaction_c5,1024,100,0.0,8,0.07838217169046402,0
KAN,perm,1,core_interaction_c5,1024,100,0.0,9,0.050932567566633224,0
KAN,perm,1,core_interaction_c5,1024,100,0.0,10,0.0,0
KAN,perm,1,core_interaction_c5,1024,100,0.0,11,0.1140081062912941,0
KAN,perm,1,core_interaction_c5,1024,100,0.0,12,0.0,0
KAN,perm,1,core_interaction_c5,1024,100,0.0,13,0.0,0
KAN,perm,1,core_interaction_c5,1024,100,0.0,14,0.05478699877858162,0
KAN,perm,1,core_interaction_c5,1024,100,0.0,15,0.0,0
KAN,perm,1,core_interaction_c5,1024,100,0.0,16,0.03704404830932617,0
KAN,perm,1,core_interaction_c5,1024,100,0.0,17,0.0,0
KAN,perm,1,core_interaction_c5,1024,100,0.0,18,0.051977235823869705,0
KAN,perm,1,core_interaction_c5,1024,100,0.0,19,0.0,0
KAN,perm,1,core_interaction_c5,1024,100,0.0,20,0.000790198624599725,0
KAN,perm,1,core_interaction_c5,1024,100,0.0,21,0.0,0
KAN,perm,1,core_interaction_c5,1024,100,0.0,22,0.0,0
KAN,perm,1,core_interaction_c5,1024,100,0.0,23,0.0,0
KAN,perm,1,core_interaction_c5,1024,100,0.0,24,0.038438957184553146,0
KAN,perm,1,core_interaction_c5,1024,100,0.0,25,0.020945152267813683,0
KAN,perm,1,core_interaction_c5,1024,100,0.0,26,0.0,0
KAN,perm,1,core_interaction_c5,1024,100,0.0,27,0.04953424260020256,0
KAN,perm,1,core_interaction_c5,1024,100,0.0,28,0.011054198257625103,0
KAN,perm,1,core_interaction_c5,1024,100,0.0,29,0.03610404208302498,0
KAN,perm,1,core_interaction_c5,1024,100,0.0,30,0.05558522418141365,0
KAN,perm,1,core_interaction_c5,1024,100,0.0,31,0.034814197570085526,0
KAN,perm,1,core_interaction_c5,1024,100,0.0,32,0.030514320358633995,0
KAN,perm,1,core_interaction_c5,1024,100,0.0,33,0.0,0
KAN,perm,1,core_interaction_c5,1024,100,0.0,34,0.008763630874454975,0
KAN,perm,1,core_interaction_c5,1024,100,0.0,35,0.03297082707285881,0
KAN,perm,1,core_interaction_c5,1024,100,0.0,36,0.028831323608756065,0
KAN,perm,1,core_interaction_c5,1024,100,0.0,37,0.09337695688009262,0
KAN,perm,1,core_interaction_c5,1024,100,0.0,38,0.0,0
KAN,perm,1,core_interaction_c5,1024,100,0.0,39,0.024939456954598427,0
KAN,perm,1,core_interaction_c5,1024,100,0.0,40,0.01825038529932499,0
KAN,perm,1,core_interaction_c5,1024,100,0.0,41,0.0,0
KAN,perm,1,core_interaction_c5,1024,100,0.0,42,0.014963865280151367,0
KAN,perm,1,core_interaction_c5,1024,100,0.0,43,0.0,0
KAN,perm,1,core_interaction_c5,1024,100,0.0,44,0.1359129697084427,0
KAN,perm,1,core_interaction_c5,1024,100,0.0,45,0.038696687668561935,0
KAN,perm,1,core_interaction_c5,1024,100,0.0,46,0.04300570487976074,0
KAN,perm,1,core_interaction_c5,1024,100,0.0,47,0.01793750189244747,0
KAN,perm,1,core_interaction_c5,1024,100,0.0,48,0.00443402910605073,0
KAN,perm,1,core_interaction_c5,1024,100,0.0,49,0.0,0
KAN,perm,1,core_interaction_c5,1024,100,0.0,50,0.03371230885386467,0
KAN,perm,1,core_interaction_c5,1024,100,0.0,51,0.0,0
KAN,perm,1,core_interaction_c5,1024,100,0.0,52,0.0,0
KAN,perm,1,core_interaction_c5,1024,100,0.0,53,0.026022830978035927,0
KAN,perm,1,core_interaction_c5,1024,100,0.0,54,0.0,0
KAN,perm,1,core_interaction_c5,1024,100,0.0,55,0.004129966255277395,0
KAN,perm,1,core_interaction_c5,1024,100,0.0,56,0.05051509663462639,0
KAN,perm,1,core_interaction_c5,1024,100,0.0,57,0.05839459225535393,0
KAN,perm,1,core_interaction_c5,1024,100,0.0,58,0.02918497659265995,0
KAN,perm,1,core_interaction_c5,1024,100,0.0,59,0.013817071914672852,0
KAN,perm,1,core_interaction_c5,1024,100,0.0,60,0.0,0
KAN,perm,1,core_interaction_c5,1024,100,0.0,61,0.0,0
KAN,perm,1,core_interaction_c5,1024,100,0.0,62,0.02502385713160038,0
KAN,perm,1,core_interaction_c5,1024,100,0.0,63,0.0,0
KAN,perm,1,core_interaction_c5,1024,100,0.0,64,0.018203655257821083,0
KAN,perm,1,core_interaction_c5,1024,100,0.0,65,0.0,0
KAN,perm,1,core_interaction_c5,1024,100,0.0,66,0.014244635589420795,0
KAN,perm,1,core_interaction_c5,1024,100,0.0,67,0.009565591812133789,0
KAN,perm,1,core_interaction_c5,1024,100,0.0,68,0.061516523361206055,0
KAN,perm,1,core_interaction_c5,1024,100,0.0,69,0.07392557710409164,0
KAN,perm,1,core_interaction_c5,1024,100,0.0,70,0.0,0
KAN,perm,1,core_interaction_c5,1024,100,0.0,71,0.0043125152587890625,0
KAN,perm,1,core_interaction_c5,1024,100,0.0,72,0.044411737471818924,0
KAN,perm,1,core_interaction_c5,1024,100,0.0,73,0.12450870126485825,0
KAN,perm,1,core_interaction_c5,1024,100,0.0,74,0.0,0
KAN,perm,1,core_interaction_c5,1024,100,0.0,75,0.02281753160059452,0
KAN,perm,1,core_interaction_c5,1024,100,0.0,76,0.06232817843556404,0
KAN,perm,1,core_interaction_c5,1024,100,0.0,77,0.015529791824519634,0
KAN,perm,1,core_interaction_c5,1024,100,0.0,78,0.0,0
KAN,perm,1,core_interaction_c5,1024,100,0.0,79,0.0,0
KAN,perm,1,core_interaction_c5,1024,100,0.0,80,0.0,0
KAN,perm,1,core_interaction_c5,1024,100,0.0,81,0.07506600767374039,0
KAN,perm,1,core_interaction_c5,1024,100,0.0,82,0.05868466570973396,0
KAN,perm,1,core_interaction_c5,1024,100,0.0,83,0.009632746689021587,0
KAN,perm,1,core_interaction_c5,1024,100,0.0,84,0.020330986008048058,0
KAN,perm,1,core_interaction_c5,1024,100,0.0,85,0.0961398258805275,0
KAN,perm,1,core_interaction_c5,1024,100,0.0,86,0.01647098921239376,0
KAN,perm,1,core_interaction_c5,1024,100,0.0,87,0.0,0
KAN,perm,1,core_interaction_c5,1024,100,0.0,88,0.015492916107177734,0
KAN,perm,1,core_interaction_c5,1024,100,0.0,89,0.04977703094482422,0
KAN,perm,1,core_interaction_c5,1024,100,0.0,90,0.008046467788517475,0
KAN,perm,1,core_interaction_c5,1024,100,0.0,91,0.023134708404541016,0
KAN,perm,1,core_interaction_c5,1024,100,0.0,92,0.039171140640974045,0
KAN,perm,1,core_interaction_c5,1024,100,0.0,93,0.0,0
KAN,perm,1,core_interaction_c5,1024,100,0.0,94,0.0,0
KAN,perm,1,core_interaction_c5,1024,100,0.0,95,0.13702242076396942,0
KAN,perm,1,core_interaction_c5,1024,100,0.0,96,0.03659002110362053,0
KAN,perm,1,core_interaction_c5,1024,100,0.0,97,0.0,0
KAN,perm,1,core_interaction_c5,1024,100,0.0,98,0.0,0
KAN,perm,1,core_interaction_c5,1024,100,0.0,99,0.0,0
KAN,grad,2,core_interaction_c5,1024,100,0.0,0,1.074235200881958,1
KAN,grad,2,core_interaction_c5,1024,100,0.0,1,0.427691251039505,1
KAN,grad,2,core_interaction_c5,1024,100,0.0,2,0.6370111703872681,1
KAN,grad,2,core_interaction_c5,1024,100,0.0,3,0.8392490148544312,1
KAN,grad,2,core_interaction_c5,1024,100,0.0,4,0.7555088996887207,0
KAN,grad,2,core_interaction_c5,1024,100,0.0,5,0.289619505405426,0
KAN,grad,2,core_interaction_c5,1024,100,0.0,6,0.6112616658210754,0
KAN,grad,2,core_interaction_c5,1024,100,0.0,7,0.34836894273757935,0
KAN,grad,2,core_interaction_c5,1024,100,0.0,8,0.4799121916294098,0
KAN,grad,2,core_interaction_c5,1024,100,0.0,9,0.5204132795333862,0
KAN,grad,2,core_interaction_c5,1024,100,0.0,10,0.5126818418502808,0
KAN,grad,2,core_interaction_c5,1024,100,0.0,11,0.521350622177124,0
KAN,grad,2,core_interaction_c5,1024,100,0.0,12,0.5128702521324158,0
KAN,grad,2,core_interaction_c5,1024,100,0.0,13,0.4377075135707855,0
KAN,grad,2,core_interaction_c5,1024,100,0.0,14,0.6430490016937256,0
KAN,grad,2,core_interaction_c5,1024,100,0.0,15,0.603594183921814,0
KAN,grad,2,core_interaction_c5,1024,100,0.0,16,0.5760788917541504,0
KAN,grad,2,core_interaction_c5,1024,100,0.0,17,0.4640258550643921,0
KAN,grad,2,core_interaction_c5,1024,100,0.0,18,0.27821338176727295,0
KAN,grad,2,core_interaction_c5,1024,100,0.0,19,0.5662672519683838,0
KAN,grad,2,core_interaction_c5,1024,100,0.0,20,0.6100110411643982,0
KAN,grad,2,core_interaction_c5,1024,100,0.0,21,0.5147320628166199,0
KAN,grad,2,core_interaction_c5,1024,100,0.0,22,0.47688016295433044,0
KAN,grad,2,core_interaction_c5,1024,100,0.0,23,0.48560065031051636,0
KAN,grad,2,core_interaction_c5,1024,100,0.0,24,0.33481013774871826,0
KAN,grad,2,core_interaction_c5,1024,100,0.0,25,0.524788498878479,0
KAN,grad,2,core_interaction_c5,1024,100,0.0,26,0.6566071510314941,0
KAN,grad,2,core_interaction_c5,1024,100,0.0,27,1.1311757564544678,0
KAN,grad,2,core_interaction_c5,1024,100,0.0,28,0.45001429319381714,0
KAN,grad,2,core_interaction_c5,1024,100,0.0,29,0.4060016870498657,0
KAN,grad,2,core_interaction_c5,1024,100,0.0,30,0.47343552112579346,0
KAN,grad,2,core_interaction_c5,1024,100,0.0,31,0.22956746816635132,0
KAN,grad,2,core_interaction_c5,1024,100,0.0,32,0.6695891618728638,0
KAN,grad,2,core_interaction_c5,1024,100,0.0,33,1.0099713802337646,0
KAN,grad,2,core_interaction_c5,1024,100,0.0,34,0.43832260370254517,0
KAN,grad,2,core_interaction_c5,1024,100,0.0,35,0.45874670147895813,0
KAN,grad,2,core_interaction_c5,1024,100,0.0,36,0.515001654624939,0
KAN,grad,2,core_interaction_c5,1024,100,0.0,37,0.7443820238113403,0
KAN,grad,2,core_interaction_c5,1024,100,0.0,38,0.7059256434440613,0
KAN,grad,2,core_interaction_c5,1024,100,0.0,39,0.5259575843811035,0
KAN,grad,2,core_interaction_c5,1024,100,0.0,40,0.515730619430542,0
KAN,grad,2,core_interaction_c5,1024,100,0.0,41,0.37222230434417725,0
KAN,grad,2,core_interaction_c5,1024,100,0.0,42,0.6810969710350037,0
KAN,grad,2,core_interaction_c5,1024,100,0.0,43,0.37242525815963745,0
KAN,grad,2,core_interaction_c5,1024,100,0.0,44,0.3511786460876465,0
KAN,grad,2,core_interaction_c5,1024,100,0.0,45,0.3501007556915283,0
KAN,grad,2,core_interaction_c5,1024,100,0.0,46,0.7659324407577515,0
KAN,grad,2,core_interaction_c5,1024,100,0.0,47,0.644554853439331,0
KAN,grad,2,core_interaction_c5,1024,100,0.0,48,0.4173055589199066,0
KAN,grad,2,core_interaction_c5,1024,100,0.0,49,0.7646489143371582,0
KAN,grad,2,core_interaction_c5,1024,100,0.0,50,0.441710889339447,0
KAN,grad,2,core_interaction_c5,1024,100,0.0,51,0.520005464553833,0
KAN,grad,2,core_interaction_c5,1024,100,0.0,52,0.6172579526901245,0
KAN,grad,2,core_interaction_c5,1024,100,0.0,53,0.29354363679885864,0
KAN,grad,2,core_interaction_c5,1024,100,0.0,54,0.5984215140342712,0
KAN,grad,2,core_interaction_c5,1024,100,0.0,55,0.4104904532432556,0
KAN,grad,2,core_interaction_c5,1024,100,0.0,56,0.5139997005462646,0
KAN,grad,2,core_interaction_c5,1024,100,0.0,57,0.8358243703842163,0
KAN,grad,2,core_interaction_c5,1024,100,0.0,58,0.410050630569458,0
KAN,grad,2,core_interaction_c5,1024,100,0.0,59,0.3668268918991089,0
KAN,grad,2,core_interaction_c5,1024,100,0.0,60,0.5638896226882935,0
KAN,grad,2,core_interaction_c5,1024,100,0.0,61,0.553544282913208,0
KAN,grad,2,core_interaction_c5,1024,100,0.0,62,0.4739137887954712,0
KAN,grad,2,core_interaction_c5,1024,100,0.0,63,0.40302932262420654,0
KAN,grad,2,core_interaction_c5,1024,100,0.0,64,0.6621511578559875,0
KAN,grad,2,core_interaction_c5,1024,100,0.0,65,0.49675726890563965,0
KAN,grad,2,core_interaction_c5,1024,100,0.0,66,0.30108189582824707,0
KAN,grad,2,core_interaction_c5,1024,100,0.0,67,0.26246047019958496,0
KAN,grad,2,core_interaction_c5,1024,100,0.0,68,0.4140012264251709,0
KAN,grad,2,core_interaction_c5,1024,100,0.0,69,0.47081828117370605,0
KAN,grad,2,core_interaction_c5,1024,100,0.0,70,0.43552708625793457,0
KAN,grad,2,core_interaction_c5,1024,100,0.0,71,0.36980247497558594,0
KAN,grad,2,core_interaction_c5,1024,100,0.0,72,0.3989080786705017,0
KAN,grad,2,core_interaction_c5,1024,100,0.0,73,0.5147200226783752,0
KAN,grad,2,core_interaction_c5,1024,100,0.0,74,0.5445612668991089,0
KAN,grad,2,core_interaction_c5,1024,100,0.0,75,0.46069109439849854,0
KAN,grad,2,core_interaction_c5,1024,100,0.0,76,0.8121992945671082,0
KAN,grad,2,core_interaction_c5,1024,100,0.0,77,0.49245792627334595,0
KAN,grad,2,core_interaction_c5,1024,100,0.0,78,0.3830398619174957,0
KAN,grad,2,core_interaction_c5,1024,100,0.0,79,0.5045485496520996,0
KAN,grad,2,core_interaction_c5,1024,100,0.0,80,0.4953351616859436,0
KAN,grad,2,core_interaction_c5,1024,100,0.0,81,0.9039636850357056,0
KAN,grad,2,core_interaction_c5,1024,100,0.0,82,0.7841894626617432,0
KAN,grad,2,core_interaction_c5,1024,100,0.0,83,0.3715443015098572,0
KAN,grad,2,core_interaction_c5,1024,100,0.0,84,0.3265813887119293,0
KAN,grad,2,core_interaction_c5,1024,100,0.0,85,0.686518132686615,0
KAN,grad,2,core_interaction_c5,1024,100,0.0,86,0.48273563385009766,0
KAN,grad,2,core_interaction_c5,1024,100,0.0,87,0.5839357972145081,0
KAN,grad,2,core_interaction_c5,1024,100,0.0,88,0.5094712972640991,0
KAN,grad,2,core_interaction_c5,1024,100,0.0,89,0.6794403791427612,0
KAN,grad,2,core_interaction_c5,1024,100,0.0,90,0.6337573528289795,0
KAN,grad,2,core_interaction_c5,1024,100,0.0,91,0.7121500968933105,0
KAN,grad,2,core_interaction_c5,1024,100,0.0,92,0.5734223127365112,0
KAN,grad,2,core_interaction_c5,1024,100,0.0,93,0.6990088820457458,0
KAN,grad,2,core_interaction_c5,1024,100,0.0,94,0.3877514898777008,0
KAN,grad,2,core_interaction_c5,1024,100,0.0,95,0.3224289119243622,0
KAN,grad,2,core_interaction_c5,1024,100,0.0,96,0.38928183913230896,0
KAN,grad,2,core_interaction_c5,1024,100,0.0,97,0.6116979122161865,0
KAN,grad,2,core_interaction_c5,1024,100,0.0,98,0.4191210865974426,0
KAN,grad,2,core_interaction_c5,1024,100,0.0,99,0.5186384916305542,0
KAN,perm,2,core_interaction_c5,1024,100,0.0,0,0.15085585415363312,1
KAN,perm,2,core_interaction_c5,1024,100,0.0,1,0.0,1
KAN,perm,2,core_interaction_c5,1024,100,0.0,2,0.03763945773243904,1
KAN,perm,2,core_interaction_c5,1024,100,0.0,3,0.0,1
KAN,perm,2,core_interaction_c5,1024,100,0.0,4,0.13876771926879883,0
KAN,perm,2,core_interaction_c5,1024,100,0.0,5,0.0,0
KAN,perm,2,core_interaction_c5,1024,100,0.0,6,0.03238312527537346,0
KAN,perm,2,core_interaction_c5,1024,100,0.0,7,0.047727663069963455,0
KAN,perm,2,core_interaction_c5,1024,100,0.0,8,0.0,0
KAN,perm,2,core_interaction_c5,1024,100,0.0,9,0.0,0
KAN,perm,2,core_interaction_c5,1024,100,0.0,10,0.0,0
KAN,perm,2,core_interaction_c5,1024,100,0.0,11,0.09716153144836426,0
KAN,perm,2,core_interaction_c5,1024,100,0.0,12,0.0,0
KAN,perm,2,core_interaction_c5,1024,100,0.0,13,0.0,0
KAN,perm,2,core_interaction_c5,1024,100,0.0,14,0.02220551110804081,0
KAN,perm,2,core_interaction_c5,1024,100,0.0,15,0.0,0
KAN,perm,2,core_interaction_c5,1024,100,0.0,16,0.0058841705322265625,0
KAN,perm,2,core_interaction_c5,1024,100,0.0,17,0.0,0
KAN,perm,2,core_interaction_c5,1024,100,0.0,18,0.01943182945251465,0
KAN,perm,2,core_interaction_c5,1024,100,0.0,19,0.10322967916727066,0
KAN,perm,2,core_interaction_c5,1024,100,0.0,20,0.09448615461587906,0
KAN,perm,2,core_interaction_c5,1024,100,0.0,21,0.14544208347797394,0
KAN,perm,2,core_interaction_c5,1024,100,0.0,22,0.0,0
KAN,perm,2,core_interaction_c5,1024,100,0.0,23,0.0,0
KAN,perm,2,core_interaction_c5,1024,100,0.0,24,0.0,0
KAN,perm,2,core_interaction_c5,1024,100,0.0,25,0.0,0
KAN,perm,2,core_interaction_c5,1024,100,0.0,26,0.0,0
KAN,perm,2,core_interaction_c5,1024,100,0.0,27,0.1787918359041214,0
KAN,perm,2,core_interaction_c5,1024,100,0.0,28,0.0,0
KAN,perm,2,core_interaction_c5,1024,100,0.0,29,0.0,0
KAN,perm,2,core_interaction_c5,1024,100,0.0,30,0.0,0
KAN,perm,2,core_interaction_c5,1024,100,0.0,31,0.006067594047635794,0
KAN,perm,2,core_interaction_c5,1024,100,0.0,32,0.07459195703268051,0
KAN,perm,2,core_interaction_c5,1024,100,0.0,33,0.008387883193790913,0
KAN,perm,2,core_interaction_c5,1024,100,0.0,34,0.0,0
KAN,perm,2,core_interaction_c5,1024,100,0.0,35,0.006218433380126953,0
KAN,perm,2,core_interaction_c5,1024,100,0.0,36,0.029177427291870117,0
KAN,perm,2,core_interaction_c5,1024,100,0.0,37,0.0,0
KAN,perm,2,core_interaction_c5,1024,100,0.0,38,0.0,0
KAN,perm,2,core_interaction_c5,1024,100,0.0,39,0.0,0
KAN,perm,2,core_interaction_c5,1024,100,0.0,40,0.0,0
KAN,perm,2,core_interaction_c5,1024,100,0.0,41,0.0006972948904149234,0
KAN,perm,2,core_interaction_c5,1024,100,0.0,42,0.0,0
KAN,perm,2,core_interaction_c5,1024,100,0.0,43,0.0,0
KAN,perm,2,core_interaction_c5,1024,100,0.0,44,0.11355161666870117,0
KAN,perm,2,core_interaction_c5,1024,100,0.0,45,0.0,0
KAN,perm,2,core_interaction_c5,1024,100,0.0,46,0.0,0
KAN,perm,2,core_interaction_c5,1024,100,0.0,47,0.0,0
KAN,perm,2,core_interaction_c5,1024,100,0.0,48,0.0,0
KAN,perm,2,core_interaction_c5,1024,100,0.0,49,0.14273381233215332,0
KAN,perm,2,core_interaction_c5,1024,100,0.0,50,0.0,0
KAN,perm,2,core_interaction_c5,1024,100,0.0,51,0.0,0
KAN,perm,2,core_interaction_c5,1024,100,0.0,52,0.05148887634277344,0
KAN,perm,2,core_interaction_c5,1024,100,0.0,53,0.0,0
KAN,perm,2,core_interaction_c5,1024,100,0.0,54,0.0,0
KAN,perm,2,core_interaction_c5,1024,100,0.0,55,0.023579200729727745,0
KAN,perm,2,core_interaction_c5,1024,100,0.0,56,0.0,0
KAN,perm,2,core_interaction_c5,1024,100,0.0,57,0.008804957382380962,0
KAN,perm,2,core_interaction_c5,1024,100,0.0,58,0.0,0
KAN,perm,2,core_interaction_c5,1024,100,0.0,59,0.08787194639444351,0
KAN,perm,2,core_interaction_c5,1024,100,0.0,60,0.0,0
KAN,perm,2,core_interaction_c5,1024,100,0.0,61,0.0,0
KAN,perm,2,core_interaction_c5,1024,100,0.0,62,0.01689990423619747,0
KAN,perm,2,core_interaction_c5,1024,100,0.0,63,0.034973304718732834,0
KAN,perm,2,core_interaction_c5,1024,100,0.0,64,0.0,0
KAN,perm,2,core_interaction_c5,1024,100,0.0,65,0.0,0
KAN,perm,2,core_interaction_c5,1024,100,0.0,66,0.0,0
KAN,perm,2,core_interaction_c5,1024,100,0.0,67,0.0,0
KAN,perm,2,core_interaction_c5,1024,100,0.0,68,0.031983692198991776,0
KAN,perm,2,core_interaction_c5,1024,100,0.0,69,0.11026772111654282,0
KAN,perm,2,core_interaction_c5,1024,100,0.0,70,0.0,0
KAN,perm,2,core_interaction_c5,1024,100,0.0,71,0.0,0
KAN,perm,2,core_interaction_c5,1024,100,0.0,72,0.0,0
KAN,perm,2,core_interaction_c5,1024,100,0.0,73,0.0027392704505473375,0
KAN,perm,2,core_interaction_c5,1024,100,0.0,74,0.05263097956776619,0
KAN,perm,2,core_interaction_c5,1024,100,0.0,75,0.01741679571568966,0
KAN,perm,2,core_interaction_c5,1024,100,0.0,76,0.15620708465576172,0
KAN,perm,2,core_interaction_c5,1024,100,0.0,77,0.0,0
KAN,perm,2,core_interaction_c5,1024,100,0.0,78,0.0,0
KAN,perm,2,core_interaction_c5,1024,100,0.0,79,0.0,0
KAN,perm,2,core_interaction_c5,1024,100,0.0,80,0.0,0
KAN,perm,2,core_interaction_c5,1024,100,0.0,81,0.2273341864347458,0
KAN,perm,2,core_interaction_c5,1024,100,0.0,82,0.0,0
KAN,perm,2,core_interaction_c5,1024,100,0.0,83,0.02140124700963497,0
KAN,perm,2,core_interaction_c5,1024,100,0.0,84,0.0,0
KAN,perm,2,core_interaction_c5,1024,100,0.0,85,0.0,0
KAN,perm,2,core_interaction_c5,1024,100,0.0,86,0.0006981690530665219,0
KAN,perm,2,core_interaction_c5,1024,100,0.0,87,0.01338648796081543,0
KAN,perm,2,core_interaction_c5,1024,100,0.0,88,0.0,0
KAN,perm,2,core_interaction_c5,1024,100,0.0,89,0.0,0
KAN,perm,2,core_interaction_c5,1024,100,0.0,90,0.0,0
KAN,perm,2,core_interaction_c5,1024,100,0.0,91,0.0,0
KAN,perm,2,core_interaction_c5,1024,100,0.0,92,0.027987876906991005,0
KAN,perm,2,core_interaction_c5,1024,100,0.0,93,0.0,0
KAN,perm,2,core_interaction_c5,1024,100,0.0,94,0.0,0
KAN,perm,2,core_interaction_c5,1024,100,0.0,95,0.0,0
KAN,perm,2,core_interaction_c5,1024,100,0.0,96,0.0,0
KAN,perm,2,core_interaction_c5,1024,100,0.0,97,0.0,0
KAN,perm,2,core_interaction_c5,1024,100,0.0,98,0.0,0
KAN,perm,2,core_interaction_c5,1024,100,0.0,99,0.014271576888859272,0
KAN,grad,3,core_interaction_c5,1024,100,0.0,0,1.551558494567871,1
KAN,grad,3,core_interaction_c5,1024,100,0.0,1,0.5412882566452026,1
KAN,grad,3,core_interaction_c5,1024,100,0.0,2,0.886294960975647,1
KAN,grad,3,core_interaction_c5,1024,100,0.0,3,0.9249205589294434,1
KAN,grad,3,core_interaction_c5,1024,100,0.0,4,0.5966825485229492,0
KAN,grad,3,core_interaction_c5,1024,100,0.0,5,0.5461722612380981,0
KAN,grad,3,core_interaction_c5,1024,100,0.0,6,0.38776832818984985,0
KAN,grad,3,core_interaction_c5,1024,100,0.0,7,0.7487866878509521,0
KAN,grad,3,core_interaction_c5,1024,100,0.0,8,0.4236321449279785,0
KAN,grad,3,core_interaction_c5,1024,100,0.0,9,0.5409543514251709,0
KAN,grad,3,core_interaction_c5,1024,100,0.0,10,0.7047370672225952,0
KAN,grad,3,core_interaction_c5,1024,100,0.0,11,0.6798480153083801,0
KAN,grad,3,core_interaction_c5,1024,100,0.0,12,0.6413629055023193,0
KAN,grad,3,core_interaction_c5,1024,100,0.0,13,0.6743403673171997,0
KAN,grad,3,core_interaction_c5,1024,100,0.0,14,0.6377006769180298,0
KAN,grad,3,core_interaction_c5,1024,100,0.0,15,0.6044088006019592,0
KAN,grad,3,core_interaction_c5,1024,100,0.0,16,0.5825673937797546,0
KAN,grad,3,core_interaction_c5,1024,100,0.0,17,0.6424886584281921,0
KAN,grad,3,core_interaction_c5,1024,100,0.0,18,0.38470548391342163,0
KAN,grad,3,core_interaction_c5,1024,100,0.0,19,0.5142312049865723,0
KAN,grad,3,core_interaction_c5,1024,100,0.0,20,0.715798020362854,0
KAN,grad,3,core_interaction_c5,1024,100,0.0,21,0.3971027135848999,0
KAN,grad,3,core_interaction_c5,1024,100,0.0,22,0.7447220087051392,0
KAN,grad,3,core_interaction_c5,1024,100,0.0,23,0.3609182834625244,0
KAN,grad,3,core_interaction_c5,1024,100,0.0,24,0.3703436851501465,0
KAN,grad,3,core_interaction_c5,1024,100,0.0,25,0.7796263098716736,0
KAN,grad,3,core_interaction_c5,1024,100,0.0,26,0.305208683013916,0
KAN,grad,3,core_interaction_c5,1024,100,0.0,27,0.5203186273574829,0
KAN,grad,3,core_interaction_c5,1024,100,0.0,28,0.7823913097381592,0
KAN,grad,3,core_interaction_c5,1024,100,0.0,29,0.6556688547134399,0
KAN,grad,3,core_interaction_c5,1024,100,0.0,30,0.6645008325576782,0
KAN,grad,3,core_interaction_c5,1024,100,0.0,31,0.5367610454559326,0
KAN,grad,3,core_interaction_c5,1024,100,0.0,32,0.5440086126327515,0
KAN,grad,3,core_interaction_c5,1024,100,0.0,33,0.48357707262039185,0
KAN,grad,3,core_interaction_c5,1024,100,0.0,34,0.6663219928741455,0
KAN,grad,3,core_interaction_c5,1024,100,0.0,35,0.570919930934906,0
KAN,grad,3,core_interaction_c5,1024,100,0.0,36,0.3458620309829712,0
KAN,grad,3,core_interaction_c5,1024,100,0.0,37,0.48705828189849854,0
KAN,grad,3,core_interaction_c5,1024,100,0.0,38,0.5376200675964355,0
KAN,grad,3,core_interaction_c5,1024,100,0.0,39,0.5091997385025024,0
KAN,grad,3,core_interaction_c5,1024,100,0.0,40,0.38152605295181274,0
KAN,grad,3,core_interaction_c5,1024,100,0.0,41,0.7186211347579956,0
KAN,grad,3,core_interaction_c5,1024,100,0.0,42,0.6036390066146851,0
KAN,grad,3,core_interaction_c5,1024,100,0.0,43,0.3308032155036926,0
KAN,grad,3,core_interaction_c5,1024,100,0.0,44,0.4913356900215149,0
KAN,grad,3,core_interaction_c5,1024,100,0.0,45,0.4388740062713623,0
KAN,grad,3,core_interaction_c5,1024,100,0.0,46,0.7230020761489868,0
KAN,grad,3,core_interaction_c5,1024,100,0.0,47,0.368330180644989,0
KAN,grad,3,core_interaction_c5,1024,100,0.0,48,0.5447371006011963,0
KAN,grad,3,core_interaction_c5,1024,100,0.0,49,0.6873078346252441,0
KAN,grad,3,core_interaction_c5,1024,100,0.0,50,0.7151669859886169,0
KAN,grad,3,core_interaction_c5,1024,100,0.0,51,0.49607735872268677,0
KAN,grad,3,core_interaction_c5,1024,100,0.0,52,0.6947156190872192,0
KAN,grad,3,core_interaction_c5,1024,100,0.0,53,0.5904474258422852,0
KAN,grad,3,core_interaction_c5,1024,100,0.0,54,0.4180978536605835,0
KAN,grad,3,core_interaction_c5,1024,100,0.0,55,0.4597964286804199,0
KAN,grad,3,core_interaction_c5,1024,100,0.0,56,0.3976975083351135,0
KAN,grad,3,core_interaction_c5,1024,100,0.0,57,0.4268448054790497,0
KAN,grad,3,core_interaction_c5,1024,100,0.0,58,0.4909951090812683,0
KAN,grad,3,core_interaction_c5,1024,100,0.0,59,0.37014129757881165,0
KAN,grad,3,core_interaction_c5,1024,100,0.0,60,0.33447265625,0
KAN,grad,3,core_interaction_c5,1024,100,0.0,61,0.5002458095550537,0
KAN,grad,3,core_interaction_c5,1024,100,0.0,62,0.3869970440864563,0
KAN,grad,3,core_interaction_c5,1024,100,0.0,63,0.289590448141098,0
KAN,grad,3,core_interaction_c5,1024,100,0.0,64,0.7735898494720459,0
KAN,grad,3,core_interaction_c5,1024,100,0.0,65,0.6054944396018982,0
KAN,grad,3,core_interaction_c5,1024,100,0.0,66,0.5776708722114563,0
KAN,grad,3,core_interaction_c5,1024,100,0.0,67,0.5831195116043091,0
KAN,grad,3,core_interaction_c5,1024,100,0.0,68,0.29632219672203064,0
KAN,grad,3,core_interaction_c5,1024,100,0.0,69,0.563018798828125,0
KAN,grad,3,core_interaction_c5,1024,100,0.0,70,0.5825978517532349,0
KAN,grad,3,core_interaction_c5,1024,100,0.0,71,0.4657222330570221,0
KAN,grad,3,core_interaction_c5,1024,100,0.0,72,0.4306696653366089,0
KAN,grad,3,core_interaction_c5,1024,100,0.0,73,0.6803886890411377,0
KAN,grad,3,core_interaction_c5,1024,100,0.0,74,0.7310014367103577,0
KAN,grad,3,core_interaction_c5,1024,100,0.0,75,0.35014086961746216,0
KAN,grad,3,core_interaction_c5,1024,100,0.0,76,0.6968311667442322,0
KAN,grad,3,core_interaction_c5,1024,100,0.0,77,0.5295390486717224,0
KAN,grad,3,core_interaction_c5,1024,100,0.0,78,0.9421659111976624,0
KAN,grad,3,core_interaction_c5,1024,100,0.0,79,0.6865545511245728,0
KAN,grad,3,core_interaction_c5,1024,100,0.0,80,0.5701274871826172,0
KAN,grad,3,core_interaction_c5,1024,100,0.0,81,0.6930235624313354,0
KAN,grad,3,core_interaction_c5,1024,100,0.0,82,0.6501233577728271,0
KAN,grad,3,core_interaction_c5,1024,100,0.0,83,0.664226770401001,0
KAN,grad,3,core_interaction_c5,1024,100,0.0,84,0.37280967831611633,0
KAN,grad,3,core_interaction_c5,1024,100,0.0,85,0.4450685679912567,0
KAN,grad,3,core_interaction_c5,1024,100,0.0,86,0.5763117074966431,0
KAN,grad,3,core_interaction_c5,1024,100,0.0,87,0.3756623864173889,0
KAN,grad,3,core_interaction_c5,1024,100,0.0,88,0.41083598136901855,0
KAN,grad,3,core_interaction_c5,1024,100,0.0,89,0.3937060236930847,0
KAN,grad,3,core_interaction_c5,1024,100,0.0,90,0.46860551834106445,0
KAN,grad,3,core_interaction_c5,1024,100,0.0,91,0.4100661277770996,0
KAN,grad,3,core_interaction_c5,1024,100,0.0,92,0.7562623620033264,0
KAN,grad,3,core_interaction_c5,1024,100,0.0,93,0.4950628876686096,0
KAN,grad,3,core_interaction_c5,1024,100,0.0,94,0.5051969885826111,0
KAN,grad,3,core_interaction_c5,1024,100,0.0,95,0.6026651859283447,0
KAN,grad,3,core_interaction_c5,1024,100,0.0,96,0.5931921005249023,0
KAN,grad,3,core_interaction_c5,1024,100,0.0,97,0.6726158261299133,0
KAN,grad,3,core_interaction_c5,1024,100,0.0,98,0.4645507335662842,0
KAN,grad,3,core_interaction_c5,1024,100,0.0,99,0.48410189151763916,0
KAN,perm,3,core_interaction_c5,1024,100,0.0,0,0.37486639618873596,1
KAN,perm,3,core_interaction_c5,1024,100,0.0,1,0.05140073969960213,1
KAN,perm,3,core_interaction_c5,1024,100,0.0,2,0.02353755570948124,1
KAN,perm,3,core_interaction_c5,1024,100,0.0,3,0.03881335258483887,1
KAN,perm,3,core_interaction_c5,1024,100,0.0,4,0.0,0
KAN,perm,3,core_interaction_c5,1024,100,0.0,5,0.005002021789550781,0
KAN,perm,3,core_interaction_c5,1024,100,0.0,6,0.00159343087580055,0
KAN,perm,3,core_interaction_c5,1024,100,0.0,7,0.052440326660871506,0
KAN,perm,3,core_interaction_c5,1024,100,0.0,8,0.12920784950256348,0
KAN,perm,3,core_interaction_c5,1024,100,0.0,9,0.0,0
KAN,perm,3,core_interaction_c5,1024,100,0.0,10,0.0,0
KAN,perm,3,core_interaction_c5,1024,100,0.0,11,0.0,0
KAN,perm,3,core_interaction_c5,1024,100,0.0,12,0.008149783127009869,0
KAN,perm,3,core_interaction_c5,1024,100,0.0,13,0.0,0
KAN,perm,3,core_interaction_c5,1024,100,0.0,14,0.12317220121622086,0
KAN,perm,3,core_interaction_c5,1024,100,0.0,15,0.0,0
KAN,perm,3,core_interaction_c5,1024,100,0.0,16,0.0,0
KAN,perm,3,core_interaction_c5,1024,100,0.0,17,0.0,0
KAN,perm,3,core_interaction_c5,1024,100,0.0,18,0.01551548670977354,0
KAN,perm,3,core_interaction_c5,1024,100,0.0,19,0.07326149940490723,0
KAN,perm,3,core_interaction_c5,1024,100,0.0,20,0.18863701820373535,0
KAN,perm,3,core_interaction_c5,1024,100,0.0,21,0.009539683349430561,0
KAN,perm,3,core_interaction_c5,1024,100,0.0,22,0.08508817106485367,0
KAN,perm,3,core_interaction_c5,1024,100,0.0,23,0.043805915862321854,0
KAN,perm,3,core_interaction_c5,1024,100,0.0,24,0.026980480179190636,0
KAN,perm,3,core_interaction_c5,1024,100,0.0,25,0.019438505172729492,0
KAN,perm,3,core_interaction_c5,1024,100,0.0,26,0.06527741998434067,0
KAN,perm,3,core_interaction_c5,1024,100,0.0,27,0.054672639816999435,0
KAN,perm,3,core_interaction_c5,1024,100,0.0,28,0.0,0
KAN,perm,3,core_interaction_c5,1024,100,0.0,29,0.02704477310180664,0
KAN,perm,3,core_interaction_c5,1024,100,0.0,30,0.04694771766662598,0
KAN,perm,3,core_interaction_c5,1024,100,0.0,31,0.0,0
KAN,perm,3,core_interaction_c5,1024,100,0.0,32,0.0,0
KAN,perm,3,core_interaction_c5,1024,100,0.0,33,0.0,0
KAN,perm,3,core_interaction_c5,1024,100,0.0,34,0.05397343635559082,0
KAN,perm,3,core_interaction_c5,1024,100,0.0,35,0.08613085746765137,0
KAN,perm,3,core_interaction_c5,1024,100,0.0,36,0.005701780319213867,0
KAN,perm,3,core_interaction_c5,1024,100,0.0,37,0.02680373191833496,0
KAN,perm,3,core_interaction_c5,1024,100,0.0,38,0.07560881227254868,0
KAN,perm,3,core_interaction_c5,1024,100,0.0,39,0.0,0
KAN,perm,3,core_interaction_c5,1024,100,0.0,40,0.012853066436946392,0
KAN,perm,3,core_interaction_c5,1024,100,0.0,41,0.0,0
KAN,perm,3,core_interaction_c5,1024,100,0.0,42,0.13127493858337402,0
KAN,perm,3,core_interaction_c5,1024,100,0.0,43,0.0,0
KAN,perm,3,core_interaction_c5,1024,100,0.0,44,0.0,0
KAN,perm,3,core_interaction_c5,1024,100,0.0,45,0.0,0
KAN,perm,3,core_interaction_c5,1024,100,0.0,46,0.1127113476395607,0
KAN,perm,3,core_interaction_c5,1024,100,0.0,47,0.0,0
KAN,perm,3,core_interaction_c5,1024,100,0.0,48,0.03535119816660881,0
KAN,perm,3,core_interaction_c5,1024,100,0.0,49,0.0,0
KAN,perm,3,core_interaction_c5,1024,100,0.0,50,0.024125179275870323,0
KAN,perm,3,core_interaction_c5,1024,100,0.0,51,0.0,0
KAN,perm,3,core_interaction_c5,1024,100,0.0,52,0.004828214645385742,0
KAN,perm,3,core_interaction_c5,1024,100,0.0,53,0.09533985704183578,0
KAN,perm,3,core_interaction_c5,1024,100,0.0,54,0.0,0
KAN,perm,3,core_interaction_c5,1024,100,0.0,55,0.03633379936218262,0
KAN,perm,3,core_interaction_c5,1024,100,0.0,56,0.0,0
KAN,perm,3,core_interaction_c5,1024,100,0.0,57,0.06032586097717285,0
KAN,perm,3,core_interaction_c5,1024,100,0.0,58,0.0,0
KAN,perm,3,core_interaction_c5,1024,100,0.0,59,0.002534151077270508,0
KAN,perm,3,core_interaction_c5,1024,100,0.0,60,0.02132526971399784,0
KAN,perm,3,core_interaction_c5,1024,100,0.0,61,0.07389441877603531,0
KAN,perm,3,core_interaction_c5,1024,100,0.0,62,0.010370254516601562,0
KAN,perm,3,core_interaction_c5,1024,100,0.0,63,0.0,0
KAN,perm,3,core_interaction_c5,1024,100,0.0,64,0.08673492819070816,0
KAN,perm,3,core_interaction_c5,1024,100,0.0,65,0.0015777746448293328,0
KAN,perm,3,core_interaction_c5,1024,100,0.0,66,0.0,0
KAN,perm,3,core_interaction_c5,1024,100,0.0,67,0.04826291278004646,0
KAN,perm,3,core_interaction_c5,1024,100,0.0,68,0.015090386383235455,0
KAN,perm,3,core_interaction_c5,1024,100,0.0,69,0.07496476173400879,0
KAN,perm,3,core_interaction_c5,1024,100,0.0,70,0.0,0
KAN,perm,3,core_interaction_c5,1024,100,0.0,71,0.07918604463338852,0
KAN,perm,3,core_interaction_c5,1024,100,0.0,72,0.024607578292489052,0
KAN,perm,3,core_interaction_c5,1024,100,0.0,73,0.0035988490562886,0
KAN,perm,3,core_interaction_c5,1024,100,0.0,74,0.0,0
KAN,perm,3,core_interaction_c5,1024,100,0.0,75,0.044797103852033615,0
KAN,perm,3,core_interaction_c5,1024,100,0.0,76,0.0,0
KAN,perm,3,core_interaction_c5,1024,100,0.0,77,0.0,0
KAN,perm,3,core_interaction_c5,1024,100,0.0,78,0.1920437067747116,0
KAN,perm,3,core_interaction_c5,1024,100,0.0,79,0.01891557313501835,0
KAN,perm,3,core_interaction_c5,1024,100,0.0,80,0.04744331166148186,0
KAN,perm,3,core_interaction_c5,1024,100,0.0,81,0.05013950541615486,0
KAN,perm,3,core_interaction_c5,1024,100,0.0,82,0.0,0
KAN,perm,3,core_interaction_c5,1024,100,0.0,83,0.08043082803487778,0
KAN,perm,3,core_interaction_c5,1024,100,0.0,84,0.012776374816894531,0
KAN,perm,3,core_interaction_c5,1024,100,0.0,85,0.016972223296761513,0
KAN,perm,3,core_interaction_c5,1024,100,0.0,86,0.026743173599243164,0
KAN,perm,3,core_interaction_c5,1024,100,0.0,87,0.0,0
KAN,perm,3,core_interaction_c5,1024,100,0.0,88,0.07228851318359375,0
KAN,perm,3,core_interaction_c5,1024,100,0.0,89,0.0,0
KAN,perm,3,core_interaction_c5,1024,100,0.0,90,0.004469712730497122,0
KAN,perm,3,core_interaction_c5,1024,100,0.0,91,0.08511527627706528,0
KAN,perm,3,core_interaction_c5,1024,100,0.0,92,0.0,0
KAN,perm,3,core_interaction_c5,1024,100,0.0,93,0.0,0
KAN,perm,3,core_interaction_c5,1024,100,0.0,94,0.013941128738224506,0
KAN,perm,3,core_interaction_c5,1024,100,0.0,95,0.008307059295475483,0
KAN,perm,3,core_interaction_c5,1024,100,0.0,96,0.0,0
KAN,perm,3,core_interaction_c5,1024,100,0.0,97,0.0,0
KAN,perm,3,core_interaction_c5,1024,100,0.0,98,0.024272123351693153,0
KAN,perm,3,core_interaction_c5,1024,100,0.0,99,0.013663291931152344,0
KAN,grad,4,core_interaction_c5,1024,100,0.0,0,1.787989616394043,1
KAN,grad,4,core_interaction_c5,1024,100,0.0,1,0.9966842532157898,1
KAN,grad,4,core_interaction_c5,1024,100,0.0,2,0.42321258783340454,1
KAN,grad,4,core_interaction_c5,1024,100,0.0,3,0.49736538529396057,1
KAN,grad,4,core_interaction_c5,1024,100,0.0,4,0.6118468046188354,0
KAN,grad,4,core_interaction_c5,1024,100,0.0,5,1.02268648147583,0
KAN,grad,4,core_interaction_c5,1024,100,0.0,6,0.2822664678096771,0
KAN,grad,4,core_interaction_c5,1024,100,0.0,7,0.3682207465171814,0
KAN,grad,4,core_interaction_c5,1024,100,0.0,8,0.3933010399341583,0
KAN,grad,4,core_interaction_c5,1024,100,0.0,9,0.51191246509552,0
KAN,grad,4,core_interaction_c5,1024,100,0.0,10,0.4782251715660095,0
KAN,grad,4,core_interaction_c5,1024,100,0.0,11,0.46166837215423584,0
KAN,grad,4,core_interaction_c5,1024,100,0.0,12,0.3963082432746887,0
KAN,grad,4,core_interaction_c5,1024,100,0.0,13,0.693243682384491,0
KAN,grad,4,core_interaction_c5,1024,100,0.0,14,0.28370681405067444,0
KAN,grad,4,core_interaction_c5,1024,100,0.0,15,1.0490214824676514,0
KAN,grad,4,core_interaction_c5,1024,100,0.0,16,0.55930495262146,0
KAN,grad,4,core_interaction_c5,1024,100,0.0,17,0.4610321521759033,0
KAN,grad,4,core_interaction_c5,1024,100,0.0,18,0.8259494304656982,0
KAN,grad,4,core_interaction_c5,1024,100,0.0,19,0.5193201303482056,0
KAN,grad,4,core_interaction_c5,1024,100,0.0,20,0.9004915952682495,0
KAN,grad,4,core_interaction_c5,1024,100,0.0,21,0.5613093376159668,0
KAN,grad,4,core_interaction_c5,1024,100,0.0,22,0.4693196415901184,0
KAN,grad,4,core_interaction_c5,1024,100,0.0,23,0.5269464254379272,0
KAN,grad,4,core_interaction_c5,1024,100,0.0,24,0.5151841640472412,0
KAN,grad,4,core_interaction_c5,1024,100,0.0,25,0.5220972299575806,0
KAN,grad,4,core_interaction_c5,1024,100,0.0,26,0.3514629602432251,0
KAN,grad,4,core_interaction_c5,1024,100,0.0,27,0.6086972951889038,0
KAN,grad,4,core_interaction_c5,1024,100,0.0,28,0.5906203985214233,0
KAN,grad,4,core_interaction_c5,1024,100,0.0,29,0.31240952014923096,0
KAN,grad,4,core_interaction_c5,1024,100,0.0,30,0.4456614851951599,0
KAN,grad,4,core_interaction_c5,1024,100,0.0,31,0.37448471784591675,0
KAN,grad,4,core_interaction_c5,1024,100,0.0,32,0.4270007610321045,0
KAN,grad,4,core_interaction_c5,1024,100,0.0,33,0.832211434841156,0
KAN,grad,4,core_interaction_c5,1024,100,0.0,34,0.5152881741523743,0
KAN,grad,4,core_interaction_c5,1024,100,0.0,35,0.6735869646072388,0
KAN,grad,4,core_interaction_c5,1024,100,0.0,36,0.404864102602005,0
KAN,grad,4,core_interaction_c5,1024,100,0.0,37,0.483673632144928,0
KAN,grad,4,core_interaction_c5,1024,100,0.0,38,0.59739750623703,0
KAN,grad,4,core_interaction_c5,1024,100,0.0,39,0.49422451853752136,0
KAN,grad,4,core_interaction_c5,1024,100,0.0,40,0.5033556222915649,0
KAN,grad,4,core_interaction_c5,1024,100,0.0,41,0.47927597165107727,0
KAN,grad,4,core_interaction_c5,1024,100,0.0,42,0.6945527195930481,0
KAN,grad,4,core_interaction_c5,1024,100,0.0,43,0.45284122228622437,0
KAN,grad,4,core_interaction_c5,1024,100,0.0,44,0.23286953568458557,0
KAN,grad,4,core_interaction_c5,1024,100,0.0,45,0.5589273571968079,0
KAN,grad,4,core_interaction_c5,1024,100,0.0,46,0.7054401636123657,0
KAN,grad,4,core_interaction_c5,1024,100,0.0,47,0.43328893184661865,0
KAN,grad,4,core_interaction_c5,1024,100,0.0,48,0.7086037397384644,0
KAN,grad,4,core_interaction_c5,1024,100,0.0,49,0.511584997177124,0
KAN,grad,4,core_interaction_c5,1024,100,0.0,50,0.7334410548210144,0
KAN,grad,4,core_interaction_c5,1024,100,0.0,51,0.6189692616462708,0
KAN,grad,4,core_interaction_c5,1024,100,0.0,52,0.3110303282737732,0
KAN,grad,4,core_interaction_c5,1024,100,0.0,53,0.3498678207397461,0
KAN,grad,4,core_interaction_c5,1024,100,0.0,54,0.45958542823791504,0
KAN,grad,4,core_interaction_c5,1024,100,0.0,55,0.4548853039741516,0
KAN,grad,4,core_interaction_c5,1024,100,0.0,56,0.47814297676086426,0
KAN,grad,4,core_interaction_c5,1024,100,0.0,57,0.48621514439582825,0
KAN,grad,4,core_interaction_c5,1024,100,0.0,58,0.4265141487121582,0
KAN,grad,4,core_interaction_c5,1024,100,0.0,59,0.6748790740966797,0
KAN,grad,4,core_interaction_c5,1024,100,0.0,60,0.6634576320648193,0
KAN,grad,4,core_interaction_c5,1024,100,0.0,61,0.4319942593574524,0
KAN,grad,4,core_interaction_c5,1024,100,0.0,62,0.5526429414749146,0
KAN,grad,4,core_interaction_c5,1024,100,0.0,63,0.3961777985095978,0
KAN,grad,4,core_interaction_c5,1024,100,0.0,64,0.5170910358428955,0
KAN,grad,4,core_interaction_c5,1024,100,0.0,65,0.522493302822113,0
KAN,grad,4,core_interaction_c5,1024,100,0.0,66,0.31669339537620544,0
KAN,grad,4,core_interaction_c5,1024,100,0.0,67,0.44917061924934387,0
KAN,grad,4,core_interaction_c5,1024,100,0.0,68,0.661881685256958,0
KAN,grad,4,core_interaction_c5,1024,100,0.0,69,0.5333980321884155,0
KAN,grad,4,core_interaction_c5,1024,100,0.0,70,0.9105061292648315,0
KAN,grad,4,core_interaction_c5,1024,100,0.0,71,0.7454081773757935,0
KAN,grad,4,core_interaction_c5,1024,100,0.0,72,0.6615509390830994,0
KAN,grad,4,core_interaction_c5,1024,100,0.0,73,0.6883002519607544,0
KAN,grad,4,core_interaction_c5,1024,100,0.0,74,0.45249074697494507,0
KAN,grad,4,core_interaction_c5,1024,100,0.0,75,0.4219493865966797,0
KAN,grad,4,core_interaction_c5,1024,100,0.0,76,0.2924063801765442,0
KAN,grad,4,core_interaction_c5,1024,100,0.0,77,0.5947533845901489,0
KAN,grad,4,core_interaction_c5,1024,100,0.0,78,0.4692966938018799,0
KAN,grad,4,core_interaction_c5,1024,100,0.0,79,0.8988057971000671,0
KAN,grad,4,core_interaction_c5,1024,100,0.0,80,0.5278196334838867,0
KAN,grad,4,core_interaction_c5,1024,100,0.0,81,0.5380264520645142,0
KAN,grad,4,core_interaction_c5,1024,100,0.0,82,0.8367826342582703,0
KAN,grad,4,core_interaction_c5,1024,100,0.0,83,0.45557987689971924,0
KAN,grad,4,core_interaction_c5,1024,100,0.0,84,0.7887464761734009,0
KAN,grad,4,core_interaction_c5,1024,100,0.0,85,0.5519728660583496,0
KAN,grad,4,core_interaction_c5,1024,100,0.0,86,0.36894649267196655,0
KAN,grad,4,core_interaction_c5,1024,100,0.0,87,0.5307798981666565,0
KAN,grad,4,core_interaction_c5,1024,100,0.0,88,0.3556300401687622,0
KAN,grad,4,core_interaction_c5,1024,100,0.0,89,0.7646098136901855,0
KAN,grad,4,core_interaction_c5,1024,100,0.0,90,0.3140692710876465,0
KAN,grad,4,core_interaction_c5,1024,100,0.0,91,0.5036370158195496,0
KAN,grad,4,core_interaction_c5,1024,100,0.0,92,0.8025439381599426,0
KAN,grad,4,core_interaction_c5,1024,100,0.0,93,0.44125789403915405,0
KAN,grad,4,core_interaction_c5,1024,100,0.0,94,0.5768225193023682,0
KAN,grad,4,core_interaction_c5,1024,100,0.0,95,0.5725172758102417,0
KAN,grad,4,core_interaction_c5,1024,100,0.0,96,0.5604290962219238,0
KAN,grad,4,core_interaction_c5,1024,100,0.0,97,0.6230788230895996,0
KAN,grad,4,core_interaction_c5,1024,100,0.0,98,0.42721056938171387,0
KAN,grad,4,core_interaction_c5,1024,100,0.0,99,0.638753354549408,0
KAN,perm,4,core_interaction_c5,1024,100,0.0,0,0.23238253593444824,1
KAN,perm,4,core_interaction_c5,1024,100,0.0,1,0.11707838624715805,1
KAN,perm,4,core_interaction_c5,1024,100,0.0,2,0.0,1
KAN,perm,4,core_interaction_c5,1024,100,0.0,3,0.08777014166116714,1
KAN,perm,4,core_interaction_c5,1024,100,0.0,4,0.038612205535173416,0
KAN,perm,4,core_interaction_c5,1024,100,0.0,5,0.14197103679180145,0
KAN,perm,4,core_interaction_c5,1024,100,0.0,6,0.05842765048146248,0
KAN,perm,4,core_interaction_c5,1024,100,0.0,7,0.0,0
KAN,perm,4,core_interaction_c5,1024,100,0.0,8,0.03178032115101814,0
KAN,perm,4,core_interaction_c5,1024,100,0.0,9,0.0,0
KAN,perm,4,core_interaction_c5,1024,100,0.0,10,0.06600157171487808,0
KAN,perm,4,core_interaction_c5,1024,100,0.0,11,0.0323789119720459,0
KAN,perm,4,core_interaction_c5,1024,100,0.0,12,0.0,0
KAN,perm,4,core_interaction_c5,1024,100,0.0,13,0.12382785230875015,0
KAN,perm,4,core_interaction_c5,1024,100,0.0,14,0.01648235321044922,0
KAN,perm,4,core_interaction_c5,1024,100,0.0,15,0.10268958657979965,0
KAN,perm,4,core_interaction_c5,1024,100,0.0,16,0.052175600081682205,0
KAN,perm,4,core_interaction_c5,1024,100,0.0,17,0.15300655364990234,0
KAN,perm,4,core_interaction_c5,1024,100,0.0,18,0.050878603011369705,0
KAN,perm,4,core_interaction_c5,1024,100,0.0,19,0.03813489153981209,0
KAN,perm,4,core_interaction_c5,1024,100,0.0,20,0.0,0
KAN,perm,4,core_interaction_c5,1024,100,0.0,21,0.026045164093375206,0
KAN,perm,4,core_interaction_c5,1024,100,0.0,22,0.0,0
KAN,perm,4,core_interaction_c5,1024,100,0.0,23,0.06361309438943863,0
KAN,perm,4,core_interaction_c5,1024,100,0.0,24,0.0,0
KAN,perm,4,core_interaction_c5,1024,100,0.0,25,0.002815723419189453,0
KAN,perm,4,core_interaction_c5,1024,100,0.0,26,0.04616935923695564,0
KAN,perm,4,core_interaction_c5,1024,100,0.0,27,0.0,0
KAN,perm,4,core_interaction_c5,1024,100,0.0,28,0.03454788401722908,0
KAN,perm,4,core_interaction_c5,1024,100,0.0,29,0.056917428970336914,0
KAN,perm,4,core_interaction_c5,1024,100,0.0,30,0.0,0
KAN,perm,4,core_interaction_c5,1024,100,0.0,31,0.03649274632334709,0
KAN,perm,4,core_interaction_c5,1024,100,0.0,32,0.015250365249812603,0
KAN,perm,4,core_interaction_c5,1024,100,0.0,33,0.14923763275146484,0
KAN,perm,4,core_interaction_c5,1024,100,0.0,34,0.0,0
KAN,perm,4,core_interaction_c5,1024,100,0.0,35,0.013452370651066303,0
KAN,perm,4,core_interaction_c5,1024,100,0.0,36,0.0,0
KAN,perm,4,core_interaction_c5,1024,100,0.0,37,0.0,0
KAN,perm,4,core_interaction_c5,1024,100,0.0,38,0.07300981134176254,0
KAN,perm,4,core_interaction_c5,1024,100,0.0,39,0.0,0
KAN,perm,4,core_interaction_c5,1024,100,0.0,40,0.0,0
KAN,perm,4,core_interaction_c5,1024,100,0.0,41,0.0,0
KAN,perm,4,core_interaction_c5,1024,100,0.0,42,0.07588180154561996,0
KAN,perm,4,core_interaction_c5,1024,100,0.0,43,0.0,0
KAN,perm,4,core_interaction_c5,1024,100,0.0,44,0.0,0
KAN,perm,4,core_interaction_c5,1024,100,0.0,45,0.0,0
KAN,perm,4,core_interaction_c5,1024,100,0.0,46,0.0,0
KAN,perm,4,core_interaction_c5,1024,100,0.0,47,0.07291761785745621,0
KAN,perm,4,core_interaction_c5,1024,100,0.0,48,0.02787248231470585,0
KAN,perm,4,core_interaction_c5,1024,100,0.0,49,0.08662629127502441,0
KAN,perm,4,core_interaction_c5,1024,100,0.0,50,0.1665685921907425,0
KAN,perm,4,core_interaction_c5,1024,100,0.0,51,0.07175954431295395,0
KAN,perm,4,core_interaction_c5,1024,100,0.0,52,0.05248880386352539,0
KAN,perm,4,core_interaction_c5,1024,100,0.0,53,0.00963902473449707,0
KAN,perm,4,core_interaction_c5,1024,100,0.0,54,0.023106098175048828,0
KAN,perm,4,core_interaction_c5,1024,100,0.0,55,0.023825883865356445,0
KAN,perm,4,core_interaction_c5,1024,100,0.0,56,0.0445605106651783,0
KAN,perm,4,core_interaction_c5,1024,100,0.0,57,0.02680182456970215,0
KAN,perm,4,core_interaction_c5,1024,100,0.0,58,0.01584649085998535,0
KAN,perm,4,core_interaction_c5,1024,100,0.0,59,0.04205663874745369,0
KAN,perm,4,core_interaction_c5,1024,100,0.0,60,0.045078277587890625,0
KAN,perm,4,core_interaction_c5,1024,100,0.0,61,0.005230506416410208,0
KAN,perm,4,core_interaction_c5,1024,100,0.0,62,0.03974850848317146,0
KAN,perm,4,core_interaction_c5,1024,100,0.0,63,0.0,0
KAN,perm,4,core_interaction_c5,1024,100,0.0,64,0.0,0
KAN,perm,4,core_interaction_c5,1024,100,0.0,65,0.0902654305100441,0
KAN,perm,4,core_interaction_c5,1024,100,0.0,66,0.012015104293823242,0
KAN,perm,4,core_interaction_c5,1024,100,0.0,67,0.09588122367858887,0
KAN,perm,4,core_interaction_c5,1024,100,0.0,68,0.0605618953704834,0
KAN,perm,4,core_interaction_c5,1024,100,0.0,69,0.03896490857005119,0
KAN,perm,4,core_interaction_c5,1024,100,0.0,70,0.08731714636087418,0
KAN,perm,4,core_interaction_c5,1024,100,0.0,71,0.0304234828799963,0
KAN,perm,4,core_interaction_c5,1024,100,0.0,72,0.05010819435119629,0
KAN,perm,4,core_interaction_c5,1024,100,0.0,73,0.05465706065297127,0
KAN,perm,4,core_interaction_c5,1024,100,0.0,74,0.006731430534273386,0
KAN,perm,4,core_interaction_c5,1024,100,0.0,75,0.03479194641113281,0
KAN,perm,4,core_interaction_c5,1024,100,0.0,76,0.011364619247615337,0
KAN,perm,4,core_interaction_c5,1024,100,0.0,77,0.02174719236791134,0
KAN,perm,4,core_interaction_c5,1024,100,0.0,78,0.0,0
KAN,perm,4,core_interaction_c5,1024,100,0.0,79,0.1947205811738968,0
KAN,perm,4,core_interaction_c5,1024,100,0.0,80,0.06919439882040024,0
KAN,perm,4,core_interaction_c5,1024,100,0.0,81,0.10193141549825668,0
KAN,perm,4,core_interaction_c5,1024,100,0.0,82,0.03987805172801018,0
KAN,perm,4,core_interaction_c5,1024,100,0.0,83,0.02469468116760254,0
KAN,perm,4,core_interaction_c5,1024,100,0.0,84,0.17460250854492188,0
KAN,perm,4,core_interaction_c5,1024,100,0.0,85,0.05921761319041252,0
KAN,perm,4,core_interaction_c5,1024,100,0.0,86,0.06461270898580551,0
KAN,perm,4,core_interaction_c5,1024,100,0.0,87,0.05372842028737068,0
KAN,perm,4,core_interaction_c5,1024,100,0.0,88,0.041832685470581055,0
KAN,perm,4,core_interaction_c5,1024,100,0.0,89,0.0,0
KAN,perm,4,core_interaction_c5,1024,100,0.0,90,0.0,0
KAN,perm,4,core_interaction_c5,1024,100,0.0,91,0.058559101074934006,0
KAN,perm,4,core_interaction_c5,1024,100,0.0,92,0.01674509048461914,0
KAN,perm,4,core_interaction_c5,1024,100,0.0,93,0.0,0
KAN,perm,4,core_interaction_c5,1024,100,0.0,94,0.010825395584106445,0
KAN,perm,4,core_interaction_c5,1024,100,0.0,95,0.07334359735250473,0
KAN,perm,4,core_interaction_c5,1024,100,0.0,96,0.1066388264298439,0
KAN,perm,4,core_interaction_c5,1024,100,0.0,97,0.012425740249454975,0
KAN,perm,4,core_interaction_c5,1024,100,0.0,98,0.08210857957601547,0
KAN,perm,4,core_interaction_c5,1024,100,0.0,99,0.05707661435008049,0
